filepath,class_dir,label,class_name
full code\Knee X-ray Images\MedicalExpert-II\MedicalExpert-II\1Doubtful\DoubtfulG1 (386).png,1Doubtful,1,Doubtful
full code\Knee X-ray Images\MedicalExpert-I\MedicalExpert-I\1Doubtful\DoubtfulG1 (161).png,1Doubtful,1,Doubtful
full code\Knee X-ray Images\MedicalExpert-II\MedicalExpert-II\4Severe\SevereG4 (15).png,4Severe,4,Severe
full code\Knee X-ray Images\MedicalExpert-II\MedicalExpert-II\1Doubtful\DoubtfulG1 (86).png,1Doubtful,1,Doubtful
full code\Knee X-ray Images\MedicalExpert-II\MedicalExpert-II\1Doubtful\DoubtfulG1 (96).png,1Doubtful,1,Doubtful
full code\Knee X-ray Images\MedicalExpert-I\MedicalExpert-I\1Doubtful\DoubtfulG1 (396).png,1Doubtful,1,Doubtful
full code\Knee X-ray Images\MedicalExpert-I\MedicalExpert-I\1Doubtful\DoubtfulG1 (177).png,1Doubtful,1,Doubtful
full code\Knee X-ray Images\MedicalExpert-II\MedicalExpert-II\0Normal\NormalG0 (118).png,0Normal,0,Normal
full code\Knee X-ray Images\MedicalExpert-II\MedicalExpert-II\2Mild\MildG2 (126).png,2Mild,2,Mild
full code\Knee X-ray Images\MedicalExpert-I\MedicalExpert-I\0Normal\NormalG0 (354).png,0Normal,0,Normal
full code\Knee X-ray Images\MedicalExpert-I\MedicalExpert-I\1Doubtful\DoubtfulG1 (195).png,1Doubtful,1,Doubtful
full code\Knee X-ray Images\MedicalExpert-II\MedicalExpert-II\0Normal\NormalG0 (84).png,0Normal,0,Normal
full code\Knee X-ray Images\MedicalExpert-I\MedicalExpert-I\0Normal\NormalG0 (107).png,0Normal,0,Normal
full code\Knee X-ray Images\MedicalExpert-I\MedicalExpert-I\1Doubtful\DoubtfulG1 (207).png,1Doubtful,1,Doubtful
full code\Knee X-ray Images\MedicalExpert-I\MedicalExpert-I\0Normal\NormalG0 (303).png,0Normal,0,Normal
full code\Knee X-ray Images\MedicalExpert-II\MedicalExpert-II\1Doubtful\DoubtfulG1 (352).png,1Doubtful,1,Doubtful
full code\Knee X-ray Images\MedicalExpert-II\MedicalExpert-II\0Normal\NormalG0 (86).png,0Normal,0,Normal
full code\Knee X-ray Images\MedicalExpert-I\MedicalExpert-I\0Normal\NormalG0 (447).png,0Normal,0,Normal
full code\Knee X-ray Images\MedicalExpert-I\MedicalExpert-I\0Normal\NormalG0 (482).png,0Normal,0,Normal
full code\Knee X-ray Images\MedicalExpert-II\MedicalExpert-II\4Severe\SevereG4 (88).png,4Severe,4,Severe
full code\Knee X-ray Images\MedicalExpert-I\MedicalExpert-I\0Normal\NormalG0 (26).png,0Normal,0,Normal
full code\Knee X-ray Images\MedicalExpert-II\MedicalExpert-II\0Normal\NormalG0 (55).png,0Normal,0,Normal
full code\Knee X-ray Images\MedicalExpert-II\MedicalExpert-II\0Normal\NormalG0 (425).png,0Normal,0,Normal
full code\Knee X-ray Images\MedicalExpert-II\MedicalExpert-II\1Doubtful\DoubtfulG1 (244).png,1Doubtful,1,Doubtful
full code\Knee X-ray Images\MedicalExpert-II\MedicalExpert-II\0Normal\NormalG0 (82).png,0Normal,0,Normal
full code\Knee X-ray Images\MedicalExpert-II\MedicalExpert-II\4Severe\SevereG4 (60).png,4Severe,4,Severe
full code\Knee X-ray Images\MedicalExpert-II\MedicalExpert-II\4Severe\SevereG4 (172).png,4Severe,4,Severe
full code\Knee X-ray Images\MedicalExpert-II\MedicalExpert-II\1Doubtful\DoubtfulG1 (224).png,1Doubtful,1,Doubtful
full code\Knee X-ray Images\MedicalExpert-I\MedicalExpert-I\4Severe\SevereG4 (120).png,4Severe,4,Severe
full code\Knee X-ray Images\MedicalExpert-II\MedicalExpert-II\2Mild\MildG2 (87).png,2Mild,2,Mild
full code\Knee X-ray Images\MedicalExpert-II\MedicalExpert-II\1Doubtful\DoubtfulG1 (376).png,1Doubtful,1,Doubtful
full code\Knee X-ray Images\MedicalExpert-II\MedicalExpert-II\2Mild\MildG2 (18).png,2Mild,2,Mild
full code\Knee X-ray Images\MedicalExpert-II\MedicalExpert-II\0Normal\NormalG0 (206).png,0Normal,0,Normal
full code\Knee X-ray Images\MedicalExpert-I\MedicalExpert-I\1Doubtful\DoubtfulG1 (264).png,1Doubtful,1,Doubtful
full code\Knee X-ray Images\MedicalExpert-I\MedicalExpert-I\4Severe\SevereG4 (71).png,4Severe,4,Severe
full code\Knee X-ray Images\MedicalExpert-I\MedicalExpert-I\3Moderate\ModerateG3 (59).png,3Moderate,3,Moderate
full code\Knee X-ray Images\MedicalExpert-II\MedicalExpert-II\1Doubtful\DoubtfulG1 (216).png,1Doubtful,1,Doubtful
full code\Knee X-ray Images\MedicalExpert-I\MedicalExpert-I\1Doubtful\DoubtfulG1 (319).png,1Doubtful,1,Doubtful
full code\Knee X-ray Images\MedicalExpert-I\MedicalExpert-I\4Severe\SevereG4 (99).png,4Severe,4,Severe
full code\Knee X-ray Images\MedicalExpert-II\MedicalExpert-II\0Normal\NormalG0 (14).png,0Normal,0,Normal
full code\Knee X-ray Images\MedicalExpert-I\MedicalExpert-I\2Mild\MildG2 (158).png,2Mild,2,Mild
full code\Knee X-ray Images\MedicalExpert-I\MedicalExpert-I\0Normal\NormalG0 (207).png,0Normal,0,Normal
full code\Knee X-ray Images\MedicalExpert-I\MedicalExpert-I\1Doubtful\DoubtfulG1 (152).png,1Doubtful,1,Doubtful
full code\Knee X-ray Images\MedicalExpert-I\MedicalExpert-I\0Normal\NormalG0 (389).png,0Normal,0,Normal
full code\Knee X-ray Images\MedicalExpert-II\MedicalExpert-II\1Doubtful\DoubtfulG1 (464).png,1Doubtful,1,Doubtful
full code\Knee X-ray Images\MedicalExpert-I\MedicalExpert-I\4Severe\SevereG4 (179).png,4Severe,4,Severe
full code\Knee X-ray Images\MedicalExpert-II\MedicalExpert-II\0Normal\NormalG0 (319).png,0Normal,0,Normal
full code\Knee X-ray Images\MedicalExpert-II\MedicalExpert-II\0Normal\NormalG0 (399).png,0Normal,0,Normal
full code\Knee X-ray Images\MedicalExpert-I\MedicalExpert-I\0Normal\NormalG0 (343).png,0Normal,0,Normal
full code\Knee X-ray Images\MedicalExpert-II\MedicalExpert-II\1Doubtful\DoubtfulG1 (299).png,1Doubtful,1,Doubtful
full code\Knee X-ray Images\MedicalExpert-I\MedicalExpert-I\1Doubtful\DoubtfulG1 (159).png,1Doubtful,1,Doubtful
full code\Knee X-ray Images\MedicalExpert-I\MedicalExpert-I\1Doubtful\DoubtfulG1 (335).png,1Doubtful,1,Doubtful
full code\Knee X-ray Images\MedicalExpert-I\MedicalExpert-I\3Moderate\ModerateG3 (46).png,3Moderate,3,Moderate
full code\Knee X-ray Images\MedicalExpert-II\MedicalExpert-II\1Doubtful\DoubtfulG1 (336).png,1Doubtful,1,Doubtful
full code\Knee X-ray Images\MedicalExpert-I\MedicalExpert-I\0Normal\NormalG0 (109).png,0Normal,0,Normal
full code\Knee X-ray Images\MedicalExpert-I\MedicalExpert-I\4Severe\SevereG4 (132).png,4Severe,4,Severe
full code\Knee X-ray Images\MedicalExpert-I\MedicalExpert-I\1Doubtful\DoubtfulG1 (126).png,1Doubtful,1,Doubtful
full code\Knee X-ray Images\MedicalExpert-I\MedicalExpert-I\0Normal\NormalG0 (352).png,0Normal,0,Normal
full code\Knee X-ray Images\MedicalExpert-I\MedicalExpert-I\1Doubtful\DoubtfulG1 (80).png,1Doubtful,1,Doubtful
full code\Knee X-ray Images\MedicalExpert-II\MedicalExpert-II\4Severe\SevereG4 (26).png,4Severe,4,Severe
full code\Knee X-ray Images\MedicalExpert-I\MedicalExpert-I\2Mild\MildG2 (162).png,2Mild,2,Mild
full code\Knee X-ray Images\MedicalExpert-I\MedicalExpert-I\1Doubtful\DoubtfulG1 (316).png,1Doubtful,1,Doubtful
full code\Knee X-ray Images\MedicalExpert-I\MedicalExpert-I\4Severe\SevereG4 (30).png,4Severe,4,Severe
full code\Knee X-ray Images\MedicalExpert-II\MedicalExpert-II\0Normal\NormalG0 (404).png,0Normal,0,Normal
full code\Knee X-ray Images\MedicalExpert-II\MedicalExpert-II\4Severe\SevereG4 (39).png,4Severe,4,Severe
full code\Knee X-ray Images\MedicalExpert-II\MedicalExpert-II\0Normal\NormalG0 (43).png,0Normal,0,Normal
full code\Knee X-ray Images\MedicalExpert-I\MedicalExpert-I\0Normal\NormalG0 (2).png,0Normal,0,Normal
full code\Knee X-ray Images\MedicalExpert-II\MedicalExpert-II\1Doubtful\DoubtfulG1 (5).png,1Doubtful,1,Doubtful
full code\Knee X-ray Images\MedicalExpert-II\MedicalExpert-II\3Moderate\ModerateG3 (170).png,3Moderate,3,Moderate
full code\Knee X-ray Images\MedicalExpert-I\MedicalExpert-I\4Severe\SevereG4 (35).png,4Severe,4,Severe
full code\Knee X-ray Images\MedicalExpert-II\MedicalExpert-II\1Doubtful\DoubtfulG1 (43).png,1Doubtful,1,Doubtful
full code\Knee X-ray Images\MedicalExpert-II\MedicalExpert-II\1Doubtful\DoubtfulG1 (44).png,1Doubtful,1,Doubtful
full code\Knee X-ray Images\MedicalExpert-II\MedicalExpert-II\4Severe\SevereG4 (204).png,4Severe,4,Severe
full code\Knee X-ray Images\MedicalExpert-II\MedicalExpert-II\1Doubtful\DoubtfulG1 (61).png,1Doubtful,1,Doubtful
full code\Knee X-ray Images\MedicalExpert-I\MedicalExpert-I\1Doubtful\DoubtfulG1 (414).png,1Doubtful,1,Doubtful
full code\Knee X-ray Images\MedicalExpert-I\MedicalExpert-I\2Mild\MildG2 (223).png,2Mild,2,Mild
full code\Knee X-ray Images\MedicalExpert-I\MedicalExpert-I\4Severe\SevereG4 (62).png,4Severe,4,Severe
full code\Knee X-ray Images\MedicalExpert-II\MedicalExpert-II\1Doubtful\DoubtfulG1 (335).png,1Doubtful,1,Doubtful
full code\Knee X-ray Images\MedicalExpert-I\MedicalExpert-I\0Normal\NormalG0 (384).png,0Normal,0,Normal
full code\Knee X-ray Images\MedicalExpert-II\MedicalExpert-II\2Mild\MildG2 (157).png,2Mild,2,Mild
full code\Knee X-ray Images\MedicalExpert-II\MedicalExpert-II\1Doubtful\DoubtfulG1 (169).png,1Doubtful,1,Doubtful
full code\Knee X-ray Images\MedicalExpert-II\MedicalExpert-II\1Doubtful\DoubtfulG1 (132).png,1Doubtful,1,Doubtful
full code\Knee X-ray Images\MedicalExpert-I\MedicalExpert-I\0Normal\NormalG0 (333).png,0Normal,0,Normal
full code\Knee X-ray Images\MedicalExpert-II\MedicalExpert-II\3Moderate\ModerateG3 (54).png,3Moderate,3,Moderate
full code\Knee X-ray Images\MedicalExpert-I\MedicalExpert-I\1Doubtful\DoubtfulG1 (205).png,1Doubtful,1,Doubtful
full code\Knee X-ray Images\MedicalExpert-I\MedicalExpert-I\1Doubtful\DoubtfulG1 (182).png,1Doubtful,1,Doubtful
full code\Knee X-ray Images\MedicalExpert-II\MedicalExpert-II\0Normal\NormalG0 (282).png,0Normal,0,Normal
full code\Knee X-ray Images\MedicalExpert-I\MedicalExpert-I\1Doubtful\DoubtfulG1 (302).png,1Doubtful,1,Doubtful
full code\Knee X-ray Images\MedicalExpert-I\MedicalExpert-I\4Severe\SevereG4 (21).png,4Severe,4,Severe
full code\Knee X-ray Images\MedicalExpert-I\MedicalExpert-I\1Doubtful\DoubtfulG1 (395).png,1Doubtful,1,Doubtful
full code\Knee X-ray Images\MedicalExpert-I\MedicalExpert-I\0Normal\NormalG0 (246).png,0Normal,0,Normal
full code\Knee X-ray Images\MedicalExpert-II\MedicalExpert-II\0Normal\NormalG0 (500).png,0Normal,0,Normal
full code\Knee X-ray Images\MedicalExpert-I\MedicalExpert-I\0Normal\NormalG0 (410).png,0Normal,0,Normal
full code\Knee X-ray Images\MedicalExpert-I\MedicalExpert-I\1Doubtful\DoubtfulG1 (290).png,1Doubtful,1,Doubtful
full code\Knee X-ray Images\MedicalExpert-II\MedicalExpert-II\0Normal\NormalG0 (211).png,0Normal,0,Normal
full code\Knee X-ray Images\MedicalExpert-II\MedicalExpert-II\1Doubtful\DoubtfulG1 (332).png,1Doubtful,1,Doubtful
full code\Knee X-ray Images\MedicalExpert-I\MedicalExpert-I\1Doubtful\DoubtfulG1 (248).png,1Doubtful,1,Doubtful
full code\Knee X-ray Images\MedicalExpert-II\MedicalExpert-II\3Moderate\ModerateG3 (161).png,3Moderate,3,Moderate
full code\Knee X-ray Images\MedicalExpert-I\MedicalExpert-I\0Normal\NormalG0 (513).png,0Normal,0,Normal
full code\Knee X-ray Images\MedicalExpert-I\MedicalExpert-I\0Normal\NormalG0 (437).png,0Normal,0,Normal
full code\Knee X-ray Images\MedicalExpert-II\MedicalExpert-II\2Mild\MildG2 (35).png,2Mild,2,Mild
full code\Knee X-ray Images\MedicalExpert-I\MedicalExpert-I\0Normal\NormalG0 (68).png,0Normal,0,Normal
full code\Knee X-ray Images\MedicalExpert-I\MedicalExpert-I\2Mild\MildG2 (40).png,2Mild,2,Mild
full code\Knee X-ray Images\MedicalExpert-II\MedicalExpert-II\2Mild\MildG2 (48).png,2Mild,2,Mild
full code\Knee X-ray Images\MedicalExpert-II\MedicalExpert-II\4Severe\SevereG4 (48).png,4Severe,4,Severe
full code\Knee X-ray Images\MedicalExpert-II\MedicalExpert-II\4Severe\SevereG4 (136).png,4Severe,4,Severe
full code\Knee X-ray Images\MedicalExpert-I\MedicalExpert-I\1Doubtful\DoubtfulG1 (278).png,1Doubtful,1,Doubtful
full code\Knee X-ray Images\MedicalExpert-II\MedicalExpert-II\2Mild\MildG2 (93).png,2Mild,2,Mild
full code\Knee X-ray Images\MedicalExpert-I\MedicalExpert-I\0Normal\NormalG0 (42).png,0Normal,0,Normal
full code\Knee X-ray Images\MedicalExpert-II\MedicalExpert-II\3Moderate\ModerateG3 (150).png,3Moderate,3,Moderate
full code\Knee X-ray Images\MedicalExpert-I\MedicalExpert-I\1Doubtful\DoubtfulG1 (337).png,1Doubtful,1,Doubtful
full code\Knee X-ray Images\MedicalExpert-II\MedicalExpert-II\0Normal\NormalG0 (439).png,0Normal,0,Normal
full code\Knee X-ray Images\MedicalExpert-II\MedicalExpert-II\0Normal\NormalG0 (117).png,0Normal,0,Normal
full code\Knee X-ray Images\MedicalExpert-I\MedicalExpert-I\3Moderate\ModerateG3 (192).png,3Moderate,3,Moderate
full code\Knee X-ray Images\MedicalExpert-I\MedicalExpert-I\1Doubtful\DoubtfulG1 (79).png,1Doubtful,1,Doubtful
full code\Knee X-ray Images\MedicalExpert-II\MedicalExpert-II\4Severe\SevereG4 (183).png,4Severe,4,Severe
full code\Knee X-ray Images\MedicalExpert-I\MedicalExpert-I\1Doubtful\DoubtfulG1 (274).png,1Doubtful,1,Doubtful
full code\Knee X-ray Images\MedicalExpert-II\MedicalExpert-II\2Mild\MildG2 (4).png,2Mild,2,Mild
full code\Knee X-ray Images\MedicalExpert-II\MedicalExpert-II\0Normal\NormalG0 (175).png,0Normal,0,Normal
full code\Knee X-ray Images\MedicalExpert-II\MedicalExpert-II\3Moderate\ModerateG3 (218).png,3Moderate,3,Moderate
full code\Knee X-ray Images\MedicalExpert-II\MedicalExpert-II\4Severe\SevereG4 (75).png,4Severe,4,Severe
full code\Knee X-ray Images\MedicalExpert-I\MedicalExpert-I\1Doubtful\DoubtfulG1 (224).png,1Doubtful,1,Doubtful
full code\Knee X-ray Images\MedicalExpert-I\MedicalExpert-I\3Moderate\ModerateG3 (70).png,3Moderate,3,Moderate
full code\Knee X-ray Images\MedicalExpert-II\MedicalExpert-II\2Mild\MildG2 (210).png,2Mild,2,Mild
full code\Knee X-ray Images\MedicalExpert-II\MedicalExpert-II\1Doubtful\DoubtfulG1 (485).png,1Doubtful,1,Doubtful
full code\Knee X-ray Images\MedicalExpert-II\MedicalExpert-II\3Moderate\ModerateG3 (112).png,3Moderate,3,Moderate
full code\Knee X-ray Images\MedicalExpert-II\MedicalExpert-II\0Normal\NormalG0 (179).png,0Normal,0,Normal
full code\Knee X-ray Images\MedicalExpert-II\MedicalExpert-II\2Mild\MildG2 (38).png,2Mild,2,Mild
full code\Knee X-ray Images\MedicalExpert-I\MedicalExpert-I\1Doubtful\DoubtfulG1 (399).png,1Doubtful,1,Doubtful
full code\Knee X-ray Images\MedicalExpert-I\MedicalExpert-I\0Normal\NormalG0 (169).png,0Normal,0,Normal
full code\Knee X-ray Images\MedicalExpert-I\MedicalExpert-I\3Moderate\ModerateG3 (184).png,3Moderate,3,Moderate
full code\Knee X-ray Images\MedicalExpert-I\MedicalExpert-I\3Moderate\ModerateG3 (187).png,3Moderate,3,Moderate
full code\Knee X-ray Images\MedicalExpert-II\MedicalExpert-II\0Normal\NormalG0 (6).png,0Normal,0,Normal
full code\Knee X-ray Images\MedicalExpert-I\MedicalExpert-I\1Doubtful\DoubtfulG1 (358).png,1Doubtful,1,Doubtful
full code\Knee X-ray Images\MedicalExpert-II\MedicalExpert-II\3Moderate\ModerateG3 (99).png,3Moderate,3,Moderate
full code\Knee X-ray Images\MedicalExpert-II\MedicalExpert-II\0Normal\NormalG0 (16).png,0Normal,0,Normal
full code\Knee X-ray Images\MedicalExpert-II\MedicalExpert-II\0Normal\NormalG0 (308).png,0Normal,0,Normal
full code\Knee X-ray Images\MedicalExpert-II\MedicalExpert-II\0Normal\NormalG0 (8).png,0Normal,0,Normal
full code\Knee X-ray Images\MedicalExpert-II\MedicalExpert-II\0Normal\NormalG0 (202).png,0Normal,0,Normal
full code\Knee X-ray Images\MedicalExpert-II\MedicalExpert-II\1Doubtful\DoubtfulG1 (484).png,1Doubtful,1,Doubtful
full code\Knee X-ray Images\MedicalExpert-II\MedicalExpert-II\1Doubtful\DoubtfulG1 (351).png,1Doubtful,1,Doubtful
full code\Knee X-ray Images\MedicalExpert-II\MedicalExpert-II\1Doubtful\DoubtfulG1 (241).png,1Doubtful,1,Doubtful
full code\Knee X-ray Images\MedicalExpert-II\MedicalExpert-II\0Normal\NormalG0 (431).png,0Normal,0,Normal
full code\Knee X-ray Images\MedicalExpert-II\MedicalExpert-II\0Normal\NormalG0 (325).png,0Normal,0,Normal
full code\Knee X-ray Images\MedicalExpert-I\MedicalExpert-I\4Severe\SevereG4 (194).png,4Severe,4,Severe
full code\Knee X-ray Images\MedicalExpert-I\MedicalExpert-I\2Mild\MildG2 (112).png,2Mild,2,Mild
full code\Knee X-ray Images\MedicalExpert-I\MedicalExpert-I\1Doubtful\DoubtfulG1 (324).png,1Doubtful,1,Doubtful
full code\Knee X-ray Images\MedicalExpert-I\MedicalExpert-I\3Moderate\ModerateG3 (68).png,3Moderate,3,Moderate
full code\Knee X-ray Images\MedicalExpert-II\MedicalExpert-II\0Normal\NormalG0 (15).png,0Normal,0,Normal
full code\Knee X-ray Images\MedicalExpert-II\MedicalExpert-II\1Doubtful\DoubtfulG1 (294).png,1Doubtful,1,Doubtful
full code\Knee X-ray Images\MedicalExpert-II\MedicalExpert-II\3Moderate\ModerateG3 (24).png,3Moderate,3,Moderate
full code\Knee X-ray Images\MedicalExpert-I\MedicalExpert-I\4Severe\SevereG4 (4).png,4Severe,4,Severe
full code\Knee X-ray Images\MedicalExpert-I\MedicalExpert-I\0Normal\NormalG0 (266).png,0Normal,0,Normal
full code\Knee X-ray Images\MedicalExpert-I\MedicalExpert-I\4Severe\SevereG4 (90).png,4Severe,4,Severe
full code\Knee X-ray Images\MedicalExpert-I\MedicalExpert-I\4Severe\SevereG4 (84).png,4Severe,4,Severe
full code\Knee X-ray Images\MedicalExpert-I\MedicalExpert-I\0Normal\NormalG0 (220).png,0Normal,0,Normal
full code\Knee X-ray Images\MedicalExpert-I\MedicalExpert-I\0Normal\NormalG0 (162).png,0Normal,0,Normal
full code\Knee X-ray Images\MedicalExpert-I\MedicalExpert-I\0Normal\NormalG0 (167).png,0Normal,0,Normal
full code\Knee X-ray Images\MedicalExpert-I\MedicalExpert-I\3Moderate\ModerateG3 (153).png,3Moderate,3,Moderate
full code\Knee X-ray Images\MedicalExpert-II\MedicalExpert-II\4Severe\SevereG4 (188).png,4Severe,4,Severe
full code\Knee X-ray Images\MedicalExpert-II\MedicalExpert-II\2Mild\MildG2 (114).png,2Mild,2,Mild
full code\Knee X-ray Images\MedicalExpert-I\MedicalExpert-I\0Normal\NormalG0 (37).png,0Normal,0,Normal
full code\Knee X-ray Images\MedicalExpert-II\MedicalExpert-II\2Mild\MildG2 (29).png,2Mild,2,Mild
full code\Knee X-ray Images\MedicalExpert-II\MedicalExpert-II\0Normal\NormalG0 (36).png,0Normal,0,Normal
full code\Knee X-ray Images\MedicalExpert-II\MedicalExpert-II\1Doubtful\DoubtfulG1 (209).png,1Doubtful,1,Doubtful
full code\Knee X-ray Images\MedicalExpert-I\MedicalExpert-I\1Doubtful\DoubtfulG1 (166).png,1Doubtful,1,Doubtful
full code\Knee X-ray Images\MedicalExpert-I\MedicalExpert-I\3Moderate\ModerateG3 (45).png,3Moderate,3,Moderate
full code\Knee X-ray Images\MedicalExpert-II\MedicalExpert-II\1Doubtful\DoubtfulG1 (163).png,1Doubtful,1,Doubtful
full code\Knee X-ray Images\MedicalExpert-II\MedicalExpert-II\0Normal\NormalG0 (406).png,0Normal,0,Normal
full code\Knee X-ray Images\MedicalExpert-I\MedicalExpert-I\3Moderate\ModerateG3 (156).png,3Moderate,3,Moderate
full code\Knee X-ray Images\MedicalExpert-II\MedicalExpert-II\3Moderate\ModerateG3 (37).png,3Moderate,3,Moderate
full code\Knee X-ray Images\MedicalExpert-II\MedicalExpert-II\2Mild\MildG2 (51).png,2Mild,2,Mild
full code\Knee X-ray Images\MedicalExpert-I\MedicalExpert-I\4Severe\SevereG4 (22).png,4Severe,4,Severe
full code\Knee X-ray Images\MedicalExpert-I\MedicalExpert-I\3Moderate\ModerateG3 (169).png,3Moderate,3,Moderate
full code\Knee X-ray Images\MedicalExpert-I\MedicalExpert-I\2Mild\MildG2 (9).png,2Mild,2,Mild
full code\Knee X-ray Images\MedicalExpert-II\MedicalExpert-II\1Doubtful\DoubtfulG1 (6).png,1Doubtful,1,Doubtful
full code\Knee X-ray Images\MedicalExpert-I\MedicalExpert-I\2Mild\MildG2 (149).png,2Mild,2,Mild
full code\Knee X-ray Images\MedicalExpert-I\MedicalExpert-I\0Normal\NormalG0 (353).png,0Normal,0,Normal
full code\Knee X-ray Images\MedicalExpert-I\MedicalExpert-I\3Moderate\ModerateG3 (113).png,3Moderate,3,Moderate
full code\Knee X-ray Images\MedicalExpert-II\MedicalExpert-II\3Moderate\ModerateG3 (141).png,3Moderate,3,Moderate
full code\Knee X-ray Images\MedicalExpert-II\MedicalExpert-II\4Severe\SevereG4 (161).png,4Severe,4,Severe
full code\Knee X-ray Images\MedicalExpert-I\MedicalExpert-I\0Normal\NormalG0 (78).png,0Normal,0,Normal
full code\Knee X-ray Images\MedicalExpert-I\MedicalExpert-I\0Normal\NormalG0 (338).png,0Normal,0,Normal
full code\Knee X-ray Images\MedicalExpert-II\MedicalExpert-II\2Mild\MildG2 (122).png,2Mild,2,Mild
full code\Knee X-ray Images\MedicalExpert-II\MedicalExpert-II\1Doubtful\DoubtfulG1 (347).png,1Doubtful,1,Doubtful
full code\Knee X-ray Images\MedicalExpert-II\MedicalExpert-II\1Doubtful\DoubtfulG1 (433).png,1Doubtful,1,Doubtful
full code\Knee X-ray Images\MedicalExpert-II\MedicalExpert-II\1Doubtful\DoubtfulG1 (73).png,1Doubtful,1,Doubtful
full code\Knee X-ray Images\MedicalExpert-I\MedicalExpert-I\1Doubtful\DoubtfulG1 (25).png,1Doubtful,1,Doubtful
full code\Knee X-ray Images\MedicalExpert-I\MedicalExpert-I\2Mild\MildG2 (159).png,2Mild,2,Mild
full code\Knee X-ray Images\MedicalExpert-I\MedicalExpert-I\2Mild\MildG2 (129).png,2Mild,2,Mild
full code\Knee X-ray Images\MedicalExpert-I\MedicalExpert-I\3Moderate\ModerateG3 (207).png,3Moderate,3,Moderate
full code\Knee X-ray Images\MedicalExpert-I\MedicalExpert-I\0Normal\NormalG0 (275).png,0Normal,0,Normal
full code\Knee X-ray Images\MedicalExpert-II\MedicalExpert-II\1Doubtful\DoubtfulG1 (450).png,1Doubtful,1,Doubtful
full code\Knee X-ray Images\MedicalExpert-II\MedicalExpert-II\0Normal\NormalG0 (250).png,0Normal,0,Normal
full code\Knee X-ray Images\MedicalExpert-II\MedicalExpert-II\1Doubtful\DoubtfulG1 (383).png,1Doubtful,1,Doubtful
full code\Knee X-ray Images\MedicalExpert-II\MedicalExpert-II\0Normal\NormalG0 (48).png,0Normal,0,Normal
full code\Knee X-ray Images\MedicalExpert-II\MedicalExpert-II\3Moderate\ModerateG3 (165).png,3Moderate,3,Moderate
full code\Knee X-ray Images\MedicalExpert-II\MedicalExpert-II\1Doubtful\DoubtfulG1 (391).png,1Doubtful,1,Doubtful
full code\Knee X-ray Images\MedicalExpert-II\MedicalExpert-II\0Normal\NormalG0 (158).png,0Normal,0,Normal
full code\Knee X-ray Images\MedicalExpert-II\MedicalExpert-II\1Doubtful\DoubtfulG1 (215).png,1Doubtful,1,Doubtful
full code\Knee X-ray Images\MedicalExpert-I\MedicalExpert-I\0Normal\NormalG0 (222).png,0Normal,0,Normal
full code\Knee X-ray Images\MedicalExpert-I\MedicalExpert-I\0Normal\NormalG0 (295).png,0Normal,0,Normal
full code\Knee X-ray Images\MedicalExpert-I\MedicalExpert-I\4Severe\SevereG4 (6).png,4Severe,4,Severe
full code\Knee X-ray Images\MedicalExpert-II\MedicalExpert-II\0Normal\NormalG0 (195).png,0Normal,0,Normal
full code\Knee X-ray Images\MedicalExpert-I\MedicalExpert-I\4Severe\SevereG4 (133).png,4Severe,4,Severe
full code\Knee X-ray Images\MedicalExpert-II\MedicalExpert-II\1Doubtful\DoubtfulG1 (83).png,1Doubtful,1,Doubtful
full code\Knee X-ray Images\MedicalExpert-I\MedicalExpert-I\0Normal\NormalG0 (274).png,0Normal,0,Normal
full code\Knee X-ray Images\MedicalExpert-I\MedicalExpert-I\1Doubtful\DoubtfulG1 (109).png,1Doubtful,1,Doubtful
full code\Knee X-ray Images\MedicalExpert-I\MedicalExpert-I\0Normal\NormalG0 (205).png,0Normal,0,Normal
full code\Knee X-ray Images\MedicalExpert-II\MedicalExpert-II\0Normal\NormalG0 (164).png,0Normal,0,Normal
full code\Knee X-ray Images\MedicalExpert-II\MedicalExpert-II\0Normal\NormalG0 (363).png,0Normal,0,Normal
full code\Knee X-ray Images\MedicalExpert-I\MedicalExpert-I\0Normal\NormalG0 (59).png,0Normal,0,Normal
full code\Knee X-ray Images\MedicalExpert-II\MedicalExpert-II\1Doubtful\DoubtfulG1 (456).png,1Doubtful,1,Doubtful
full code\Knee X-ray Images\MedicalExpert-II\MedicalExpert-II\0Normal\NormalG0 (316).png,0Normal,0,Normal
full code\Knee X-ray Images\MedicalExpert-II\MedicalExpert-II\0Normal\NormalG0 (116).png,0Normal,0,Normal
full code\Knee X-ray Images\MedicalExpert-I\MedicalExpert-I\4Severe\SevereG4 (182).png,4Severe,4,Severe
full code\Knee X-ray Images\MedicalExpert-II\MedicalExpert-II\1Doubtful\DoubtfulG1 (203).png,1Doubtful,1,Doubtful
full code\Knee X-ray Images\MedicalExpert-I\MedicalExpert-I\2Mild\MildG2 (53).png,2Mild,2,Mild
full code\Knee X-ray Images\MedicalExpert-II\MedicalExpert-II\0Normal\NormalG0 (422).png,0Normal,0,Normal
full code\Knee X-ray Images\MedicalExpert-I\MedicalExpert-I\2Mild\MildG2 (108).png,2Mild,2,Mild
full code\Knee X-ray Images\MedicalExpert-II\MedicalExpert-II\0Normal\NormalG0 (18).png,0Normal,0,Normal
full code\Knee X-ray Images\MedicalExpert-I\MedicalExpert-I\1Doubtful\DoubtfulG1 (14).png,1Doubtful,1,Doubtful
full code\Knee X-ray Images\MedicalExpert-I\MedicalExpert-I\1Doubtful\DoubtfulG1 (262).png,1Doubtful,1,Doubtful
full code\Knee X-ray Images\MedicalExpert-I\MedicalExpert-I\0Normal\NormalG0 (278).png,0Normal,0,Normal
full code\Knee X-ray Images\MedicalExpert-I\MedicalExpert-I\1Doubtful\DoubtfulG1 (5).png,1Doubtful,1,Doubtful
full code\Knee X-ray Images\MedicalExpert-I\MedicalExpert-I\0Normal\NormalG0 (388).png,0Normal,0,Normal
full code\Knee X-ray Images\MedicalExpert-II\MedicalExpert-II\2Mild\MildG2 (92).png,2Mild,2,Mild
full code\Knee X-ray Images\MedicalExpert-II\MedicalExpert-II\0Normal\NormalG0 (63).png,0Normal,0,Normal
full code\Knee X-ray Images\MedicalExpert-I\MedicalExpert-I\1Doubtful\DoubtfulG1 (176).png,1Doubtful,1,Doubtful
full code\Knee X-ray Images\MedicalExpert-I\MedicalExpert-I\0Normal\NormalG0 (125).png,0Normal,0,Normal
full code\Knee X-ray Images\MedicalExpert-II\MedicalExpert-II\2Mild\MildG2 (101).png,2Mild,2,Mild
full code\Knee X-ray Images\MedicalExpert-I\MedicalExpert-I\4Severe\SevereG4 (7).png,4Severe,4,Severe
full code\Knee X-ray Images\MedicalExpert-I\MedicalExpert-I\2Mild\MildG2 (157).png,2Mild,2,Mild
full code\Knee X-ray Images\MedicalExpert-I\MedicalExpert-I\3Moderate\ModerateG3 (136).png,3Moderate,3,Moderate
full code\Knee X-ray Images\MedicalExpert-II\MedicalExpert-II\0Normal\NormalG0 (28).png,0Normal,0,Normal
full code\Knee X-ray Images\MedicalExpert-I\MedicalExpert-I\0Normal\NormalG0 (361).png,0Normal,0,Normal
full code\Knee X-ray Images\MedicalExpert-II\MedicalExpert-II\1Doubtful\DoubtfulG1 (24).png,1Doubtful,1,Doubtful
full code\Knee X-ray Images\MedicalExpert-II\MedicalExpert-II\2Mild\MildG2 (131).png,2Mild,2,Mild
full code\Knee X-ray Images\MedicalExpert-I\MedicalExpert-I\0Normal\NormalG0 (507).png,0Normal,0,Normal
full code\Knee X-ray Images\MedicalExpert-I\MedicalExpert-I\4Severe\SevereG4 (87).png,4Severe,4,Severe
full code\Knee X-ray Images\MedicalExpert-II\MedicalExpert-II\1Doubtful\DoubtfulG1 (46).png,1Doubtful,1,Doubtful
full code\Knee X-ray Images\MedicalExpert-II\MedicalExpert-II\4Severe\SevereG4 (197).png,4Severe,4,Severe
full code\Knee X-ray Images\MedicalExpert-I\MedicalExpert-I\0Normal\NormalG0 (296).png,0Normal,0,Normal
full code\Knee X-ray Images\MedicalExpert-II\MedicalExpert-II\0Normal\NormalG0 (418).png,0Normal,0,Normal
full code\Knee X-ray Images\MedicalExpert-I\MedicalExpert-I\3Moderate\ModerateG3 (103).png,3Moderate,3,Moderate
full code\Knee X-ray Images\MedicalExpert-I\MedicalExpert-I\1Doubtful\DoubtfulG1 (294).png,1Doubtful,1,Doubtful
full code\Knee X-ray Images\MedicalExpert-II\MedicalExpert-II\4Severe\SevereG4 (176).png,4Severe,4,Severe
full code\Knee X-ray Images\MedicalExpert-II\MedicalExpert-II\4Severe\SevereG4 (43).png,4Severe,4,Severe
full code\Knee X-ray Images\MedicalExpert-I\MedicalExpert-I\2Mild\MildG2 (199).png,2Mild,2,Mild
full code\Knee X-ray Images\MedicalExpert-II\MedicalExpert-II\0Normal\NormalG0 (441).png,0Normal,0,Normal
full code\Knee X-ray Images\MedicalExpert-I\MedicalExpert-I\3Moderate\ModerateG3 (178).png,3Moderate,3,Moderate
full code\Knee X-ray Images\MedicalExpert-I\MedicalExpert-I\4Severe\SevereG4 (125).png,4Severe,4,Severe
full code\Knee X-ray Images\MedicalExpert-I\MedicalExpert-I\0Normal\NormalG0 (463).png,0Normal,0,Normal
full code\Knee X-ray Images\MedicalExpert-II\MedicalExpert-II\0Normal\NormalG0 (209).png,0Normal,0,Normal
full code\Knee X-ray Images\MedicalExpert-II\MedicalExpert-II\0Normal\NormalG0 (361).png,0Normal,0,Normal
full code\Knee X-ray Images\MedicalExpert-II\MedicalExpert-II\1Doubtful\DoubtfulG1 (314).png,1Doubtful,1,Doubtful
full code\Knee X-ray Images\MedicalExpert-II\MedicalExpert-II\3Moderate\ModerateG3 (5).png,3Moderate,3,Moderate
full code\Knee X-ray Images\MedicalExpert-II\MedicalExpert-II\1Doubtful\DoubtfulG1 (147).png,1Doubtful,1,Doubtful
full code\Knee X-ray Images\MedicalExpert-I\MedicalExpert-I\1Doubtful\DoubtfulG1 (93).png,1Doubtful,1,Doubtful
full code\Knee X-ray Images\MedicalExpert-II\MedicalExpert-II\1Doubtful\DoubtfulG1 (10).png,1Doubtful,1,Doubtful
full code\Knee X-ray Images\MedicalExpert-II\MedicalExpert-II\2Mild\MildG2 (203).png,2Mild,2,Mild
full code\Knee X-ray Images\MedicalExpert-I\MedicalExpert-I\0Normal\NormalG0 (387).png,0Normal,0,Normal
full code\Knee X-ray Images\MedicalExpert-II\MedicalExpert-II\1Doubtful\DoubtfulG1 (334).png,1Doubtful,1,Doubtful
full code\Knee X-ray Images\MedicalExpert-II\MedicalExpert-II\0Normal\NormalG0 (204).png,0Normal,0,Normal
full code\Knee X-ray Images\MedicalExpert-I\MedicalExpert-I\1Doubtful\DoubtfulG1 (67).png,1Doubtful,1,Doubtful
full code\Knee X-ray Images\MedicalExpert-II\MedicalExpert-II\1Doubtful\DoubtfulG1 (340).png,1Doubtful,1,Doubtful
full code\Knee X-ray Images\MedicalExpert-II\MedicalExpert-II\4Severe\SevereG4 (93).png,4Severe,4,Severe
full code\Knee X-ray Images\MedicalExpert-I\MedicalExpert-I\0Normal\NormalG0 (405).png,0Normal,0,Normal
full code\Knee X-ray Images\MedicalExpert-I\MedicalExpert-I\0Normal\NormalG0 (302).png,0Normal,0,Normal
full code\Knee X-ray Images\MedicalExpert-II\MedicalExpert-II\2Mild\MildG2 (220).png,2Mild,2,Mild
full code\Knee X-ray Images\MedicalExpert-II\MedicalExpert-II\4Severe\SevereG4 (28).png,4Severe,4,Severe
full code\Knee X-ray Images\MedicalExpert-II\MedicalExpert-II\1Doubtful\DoubtfulG1 (188).png,1Doubtful,1,Doubtful
full code\Knee X-ray Images\MedicalExpert-I\MedicalExpert-I\3Moderate\ModerateG3 (142).png,3Moderate,3,Moderate
full code\Knee X-ray Images\MedicalExpert-I\MedicalExpert-I\1Doubtful\DoubtfulG1 (90).png,1Doubtful,1,Doubtful
full code\Knee X-ray Images\MedicalExpert-II\MedicalExpert-II\1Doubtful\DoubtfulG1 (89).png,1Doubtful,1,Doubtful
full code\Knee X-ray Images\MedicalExpert-I\MedicalExpert-I\0Normal\NormalG0 (441).png,0Normal,0,Normal
full code\Knee X-ray Images\MedicalExpert-I\MedicalExpert-I\0Normal\NormalG0 (466).png,0Normal,0,Normal
full code\Knee X-ray Images\MedicalExpert-II\MedicalExpert-II\0Normal\NormalG0 (489).png,0Normal,0,Normal
full code\Knee X-ray Images\MedicalExpert-I\MedicalExpert-I\1Doubtful\DoubtfulG1 (245).png,1Doubtful,1,Doubtful
full code\Knee X-ray Images\MedicalExpert-II\MedicalExpert-II\0Normal\NormalG0 (454).png,0Normal,0,Normal
full code\Knee X-ray Images\MedicalExpert-I\MedicalExpert-I\0Normal\NormalG0 (505).png,0Normal,0,Normal
full code\Knee X-ray Images\MedicalExpert-I\MedicalExpert-I\2Mild\MildG2 (110).png,2Mild,2,Mild
full code\Knee X-ray Images\MedicalExpert-I\MedicalExpert-I\2Mild\MildG2 (46).png,2Mild,2,Mild
full code\Knee X-ray Images\MedicalExpert-II\MedicalExpert-II\1Doubtful\DoubtfulG1 (382).png,1Doubtful,1,Doubtful
full code\Knee X-ray Images\MedicalExpert-II\MedicalExpert-II\0Normal\NormalG0 (311).png,0Normal,0,Normal
full code\Knee X-ray Images\MedicalExpert-I\MedicalExpert-I\4Severe\SevereG4 (18).png,4Severe,4,Severe
full code\Knee X-ray Images\MedicalExpert-II\MedicalExpert-II\4Severe\SevereG4 (175).png,4Severe,4,Severe
full code\Knee X-ray Images\MedicalExpert-I\MedicalExpert-I\0Normal\NormalG0 (329).png,0Normal,0,Normal
full code\Knee X-ray Images\MedicalExpert-II\MedicalExpert-II\1Doubtful\DoubtfulG1 (416).png,1Doubtful,1,Doubtful
full code\Knee X-ray Images\MedicalExpert-I\MedicalExpert-I\0Normal\NormalG0 (374).png,0Normal,0,Normal
full code\Knee X-ray Images\MedicalExpert-I\MedicalExpert-I\3Moderate\ModerateG3 (164).png,3Moderate,3,Moderate
full code\Knee X-ray Images\MedicalExpert-II\MedicalExpert-II\3Moderate\ModerateG3 (148).png,3Moderate,3,Moderate
full code\Knee X-ray Images\MedicalExpert-II\MedicalExpert-II\0Normal\NormalG0 (256).png,0Normal,0,Normal
full code\Knee X-ray Images\MedicalExpert-II\MedicalExpert-II\4Severe\SevereG4 (5).png,4Severe,4,Severe
full code\Knee X-ray Images\MedicalExpert-I\MedicalExpert-I\3Moderate\ModerateG3 (210).png,3Moderate,3,Moderate
full code\Knee X-ray Images\MedicalExpert-II\MedicalExpert-II\1Doubtful\DoubtfulG1 (341).png,1Doubtful,1,Doubtful
full code\Knee X-ray Images\MedicalExpert-II\MedicalExpert-II\4Severe\SevereG4 (140).png,4Severe,4,Severe
full code\Knee X-ray Images\MedicalExpert-II\MedicalExpert-II\0Normal\NormalG0 (323).png,0Normal,0,Normal
full code\Knee X-ray Images\MedicalExpert-I\MedicalExpert-I\4Severe\SevereG4 (11).png,4Severe,4,Severe
full code\Knee X-ray Images\MedicalExpert-I\MedicalExpert-I\1Doubtful\DoubtfulG1 (238).png,1Doubtful,1,Doubtful
full code\Knee X-ray Images\MedicalExpert-I\MedicalExpert-I\3Moderate\ModerateG3 (78).png,3Moderate,3,Moderate
full code\Knee X-ray Images\MedicalExpert-I\MedicalExpert-I\1Doubtful\DoubtfulG1 (70).png,1Doubtful,1,Doubtful
full code\Knee X-ray Images\MedicalExpert-II\MedicalExpert-II\0Normal\NormalG0 (157).png,0Normal,0,Normal
full code\Knee X-ray Images\MedicalExpert-I\MedicalExpert-I\4Severe\SevereG4 (199).png,4Severe,4,Severe
full code\Knee X-ray Images\MedicalExpert-I\MedicalExpert-I\0Normal\NormalG0 (48).png,0Normal,0,Normal
full code\Knee X-ray Images\MedicalExpert-II\MedicalExpert-II\0Normal\NormalG0 (279).png,0Normal,0,Normal
full code\Knee X-ray Images\MedicalExpert-II\MedicalExpert-II\0Normal\NormalG0 (244).png,0Normal,0,Normal
full code\Knee X-ray Images\MedicalExpert-II\MedicalExpert-II\3Moderate\ModerateG3 (1).png,3Moderate,3,Moderate
full code\Knee X-ray Images\MedicalExpert-II\MedicalExpert-II\3Moderate\ModerateG3 (114).png,3Moderate,3,Moderate
full code\Knee X-ray Images\MedicalExpert-II\MedicalExpert-II\3Moderate\ModerateG3 (81).png,3Moderate,3,Moderate
full code\Knee X-ray Images\MedicalExpert-II\MedicalExpert-II\1Doubtful\DoubtfulG1 (17).png,1Doubtful,1,Doubtful
full code\Knee X-ray Images\MedicalExpert-II\MedicalExpert-II\0Normal\NormalG0 (52).png,0Normal,0,Normal
full code\Knee X-ray Images\MedicalExpert-II\MedicalExpert-II\3Moderate\ModerateG3 (174).png,3Moderate,3,Moderate
full code\Knee X-ray Images\MedicalExpert-I\MedicalExpert-I\1Doubtful\DoubtfulG1 (338).png,1Doubtful,1,Doubtful
full code\Knee X-ray Images\MedicalExpert-I\MedicalExpert-I\1Doubtful\DoubtfulG1 (19).png,1Doubtful,1,Doubtful
full code\Knee X-ray Images\MedicalExpert-I\MedicalExpert-I\0Normal\NormalG0 (137).png,0Normal,0,Normal
full code\Knee X-ray Images\MedicalExpert-II\MedicalExpert-II\0Normal\NormalG0 (470).png,0Normal,0,Normal
full code\Knee X-ray Images\MedicalExpert-I\MedicalExpert-I\3Moderate\ModerateG3 (143).png,3Moderate,3,Moderate
full code\Knee X-ray Images\MedicalExpert-II\MedicalExpert-II\4Severe\SevereG4 (80).png,4Severe,4,Severe
full code\Knee X-ray Images\MedicalExpert-II\MedicalExpert-II\2Mild\MildG2 (215).png,2Mild,2,Mild
full code\Knee X-ray Images\MedicalExpert-I\MedicalExpert-I\0Normal\NormalG0 (339).png,0Normal,0,Normal
full code\Knee X-ray Images\MedicalExpert-II\MedicalExpert-II\0Normal\NormalG0 (203).png,0Normal,0,Normal
full code\Knee X-ray Images\MedicalExpert-II\MedicalExpert-II\4Severe\SevereG4 (199).png,4Severe,4,Severe
full code\Knee X-ray Images\MedicalExpert-I\MedicalExpert-I\0Normal\NormalG0 (371).png,0Normal,0,Normal
full code\Knee X-ray Images\MedicalExpert-I\MedicalExpert-I\0Normal\NormalG0 (300).png,0Normal,0,Normal
full code\Knee X-ray Images\MedicalExpert-I\MedicalExpert-I\0Normal\NormalG0 (32).png,0Normal,0,Normal
full code\Knee X-ray Images\MedicalExpert-II\MedicalExpert-II\2Mild\MildG2 (59).png,2Mild,2,Mild
full code\Knee X-ray Images\MedicalExpert-I\MedicalExpert-I\0Normal\NormalG0 (445).png,0Normal,0,Normal
full code\Knee X-ray Images\MedicalExpert-II\MedicalExpert-II\0Normal\NormalG0 (317).png,0Normal,0,Normal
full code\Knee X-ray Images\MedicalExpert-II\MedicalExpert-II\4Severe\SevereG4 (99).png,4Severe,4,Severe
full code\Knee X-ray Images\MedicalExpert-II\MedicalExpert-II\1Doubtful\DoubtfulG1 (143).png,1Doubtful,1,Doubtful
full code\Knee X-ray Images\MedicalExpert-II\MedicalExpert-II\1Doubtful\DoubtfulG1 (129).png,1Doubtful,1,Doubtful
full code\Knee X-ray Images\MedicalExpert-I\MedicalExpert-I\0Normal\NormalG0 (19).png,0Normal,0,Normal
full code\Knee X-ray Images\MedicalExpert-I\MedicalExpert-I\2Mild\MildG2 (200).png,2Mild,2,Mild
full code\Knee X-ray Images\MedicalExpert-II\MedicalExpert-II\3Moderate\ModerateG3 (78).png,3Moderate,3,Moderate
full code\Knee X-ray Images\MedicalExpert-I\MedicalExpert-I\1Doubtful\DoubtfulG1 (442).png,1Doubtful,1,Doubtful
full code\Knee X-ray Images\MedicalExpert-I\MedicalExpert-I\4Severe\SevereG4 (54).png,4Severe,4,Severe
full code\Knee X-ray Images\MedicalExpert-I\MedicalExpert-I\4Severe\SevereG4 (143).png,4Severe,4,Severe
full code\Knee X-ray Images\MedicalExpert-I\MedicalExpert-I\1Doubtful\DoubtfulG1 (171).png,1Doubtful,1,Doubtful
full code\Knee X-ray Images\MedicalExpert-I\MedicalExpert-I\3Moderate\ModerateG3 (37).png,3Moderate,3,Moderate
full code\Knee X-ray Images\MedicalExpert-II\MedicalExpert-II\1Doubtful\DoubtfulG1 (230).png,1Doubtful,1,Doubtful
full code\Knee X-ray Images\MedicalExpert-I\MedicalExpert-I\2Mild\MildG2 (18).png,2Mild,2,Mild
full code\Knee X-ray Images\MedicalExpert-I\MedicalExpert-I\1Doubtful\DoubtfulG1 (141).png,1Doubtful,1,Doubtful
full code\Knee X-ray Images\MedicalExpert-I\MedicalExpert-I\1Doubtful\DoubtfulG1 (375).png,1Doubtful,1,Doubtful
full code\Knee X-ray Images\MedicalExpert-II\MedicalExpert-II\4Severe\SevereG4 (61).png,4Severe,4,Severe
full code\Knee X-ray Images\MedicalExpert-I\MedicalExpert-I\4Severe\SevereG4 (28).png,4Severe,4,Severe
full code\Knee X-ray Images\MedicalExpert-I\MedicalExpert-I\2Mild\MildG2 (198).png,2Mild,2,Mild
full code\Knee X-ray Images\MedicalExpert-I\MedicalExpert-I\2Mild\MildG2 (7).png,2Mild,2,Mild
full code\Knee X-ray Images\MedicalExpert-II\MedicalExpert-II\1Doubtful\DoubtfulG1 (400).png,1Doubtful,1,Doubtful
full code\Knee X-ray Images\MedicalExpert-I\MedicalExpert-I\4Severe\SevereG4 (68).png,4Severe,4,Severe
full code\Knee X-ray Images\MedicalExpert-I\MedicalExpert-I\3Moderate\ModerateG3 (196).png,3Moderate,3,Moderate
full code\Knee X-ray Images\MedicalExpert-I\MedicalExpert-I\2Mild\MildG2 (97).png,2Mild,2,Mild
full code\Knee X-ray Images\MedicalExpert-II\MedicalExpert-II\1Doubtful\DoubtfulG1 (123).png,1Doubtful,1,Doubtful
full code\Knee X-ray Images\MedicalExpert-II\MedicalExpert-II\4Severe\SevereG4 (29).png,4Severe,4,Severe
full code\Knee X-ray Images\MedicalExpert-I\MedicalExpert-I\1Doubtful\DoubtfulG1 (260).png,1Doubtful,1,Doubtful
full code\Knee X-ray Images\MedicalExpert-I\MedicalExpert-I\1Doubtful\DoubtfulG1 (124).png,1Doubtful,1,Doubtful
full code\Knee X-ray Images\MedicalExpert-I\MedicalExpert-I\0Normal\NormalG0 (417).png,0Normal,0,Normal
full code\Knee X-ray Images\MedicalExpert-II\MedicalExpert-II\1Doubtful\DoubtfulG1 (368).png,1Doubtful,1,Doubtful
full code\Knee X-ray Images\MedicalExpert-I\MedicalExpert-I\3Moderate\ModerateG3 (86).png,3Moderate,3,Moderate
full code\Knee X-ray Images\MedicalExpert-II\MedicalExpert-II\1Doubtful\DoubtfulG1 (236).png,1Doubtful,1,Doubtful
full code\Knee X-ray Images\MedicalExpert-I\MedicalExpert-I\3Moderate\ModerateG3 (73).png,3Moderate,3,Moderate
full code\Knee X-ray Images\MedicalExpert-II\MedicalExpert-II\1Doubtful\DoubtfulG1 (114).png,1Doubtful,1,Doubtful
full code\Knee X-ray Images\MedicalExpert-I\MedicalExpert-I\0Normal\NormalG0 (392).png,0Normal,0,Normal
full code\Knee X-ray Images\MedicalExpert-I\MedicalExpert-I\1Doubtful\DoubtfulG1 (234).png,1Doubtful,1,Doubtful
full code\Knee X-ray Images\MedicalExpert-II\MedicalExpert-II\0Normal\NormalG0 (401).png,0Normal,0,Normal
full code\Knee X-ray Images\MedicalExpert-I\MedicalExpert-I\1Doubtful\DoubtfulG1 (114).png,1Doubtful,1,Doubtful
full code\Knee X-ray Images\MedicalExpert-II\MedicalExpert-II\0Normal\NormalG0 (276).png,0Normal,0,Normal
full code\Knee X-ray Images\MedicalExpert-I\MedicalExpert-I\0Normal\NormalG0 (438).png,0Normal,0,Normal
full code\Knee X-ray Images\MedicalExpert-II\MedicalExpert-II\2Mild\MildG2 (98).png,2Mild,2,Mild
full code\Knee X-ray Images\MedicalExpert-I\MedicalExpert-I\1Doubtful\DoubtfulG1 (314).png,1Doubtful,1,Doubtful
full code\Knee X-ray Images\MedicalExpert-II\MedicalExpert-II\2Mild\MildG2 (188).png,2Mild,2,Mild
full code\Knee X-ray Images\MedicalExpert-II\MedicalExpert-II\3Moderate\ModerateG3 (69).png,3Moderate,3,Moderate
full code\Knee X-ray Images\MedicalExpert-I\MedicalExpert-I\3Moderate\ModerateG3 (48).png,3Moderate,3,Moderate
full code\Knee X-ray Images\MedicalExpert-I\MedicalExpert-I\0Normal\NormalG0 (457).png,0Normal,0,Normal
full code\Knee X-ray Images\MedicalExpert-II\MedicalExpert-II\0Normal\NormalG0 (412).png,0Normal,0,Normal
full code\Knee X-ray Images\MedicalExpert-II\MedicalExpert-II\1Doubtful\DoubtfulG1 (432).png,1Doubtful,1,Doubtful
full code\Knee X-ray Images\MedicalExpert-II\MedicalExpert-II\0Normal\NormalG0 (473).png,0Normal,0,Normal
full code\Knee X-ray Images\MedicalExpert-II\MedicalExpert-II\1Doubtful\DoubtfulG1 (55).png,1Doubtful,1,Doubtful
full code\Knee X-ray Images\MedicalExpert-I\MedicalExpert-I\0Normal\NormalG0 (87).png,0Normal,0,Normal
full code\Knee X-ray Images\MedicalExpert-I\MedicalExpert-I\3Moderate\ModerateG3 (152).png,3Moderate,3,Moderate
full code\Knee X-ray Images\MedicalExpert-I\MedicalExpert-I\1Doubtful\DoubtfulG1 (249).png,1Doubtful,1,Doubtful
full code\Knee X-ray Images\MedicalExpert-II\MedicalExpert-II\4Severe\SevereG4 (58).png,4Severe,4,Severe
full code\Knee X-ray Images\MedicalExpert-II\MedicalExpert-II\3Moderate\ModerateG3 (14).png,3Moderate,3,Moderate
full code\Knee X-ray Images\MedicalExpert-II\MedicalExpert-II\1Doubtful\DoubtfulG1 (477).png,1Doubtful,1,Doubtful
full code\Knee X-ray Images\MedicalExpert-II\MedicalExpert-II\3Moderate\ModerateG3 (143).png,3Moderate,3,Moderate
full code\Knee X-ray Images\MedicalExpert-I\MedicalExpert-I\1Doubtful\DoubtfulG1 (163).png,1Doubtful,1,Doubtful
full code\Knee X-ray Images\MedicalExpert-I\MedicalExpert-I\1Doubtful\DoubtfulG1 (52).png,1Doubtful,1,Doubtful
full code\Knee X-ray Images\MedicalExpert-I\MedicalExpert-I\0Normal\NormalG0 (310).png,0Normal,0,Normal
full code\Knee X-ray Images\MedicalExpert-I\MedicalExpert-I\1Doubtful\DoubtfulG1 (237).png,1Doubtful,1,Doubtful
full code\Knee X-ray Images\MedicalExpert-II\MedicalExpert-II\3Moderate\ModerateG3 (195).png,3Moderate,3,Moderate
full code\Knee X-ray Images\MedicalExpert-I\MedicalExpert-I\2Mild\MildG2 (29).png,2Mild,2,Mild
full code\Knee X-ray Images\MedicalExpert-I\MedicalExpert-I\3Moderate\ModerateG3 (20).png,3Moderate,3,Moderate
full code\Knee X-ray Images\MedicalExpert-II\MedicalExpert-II\4Severe\SevereG4 (181).png,4Severe,4,Severe
full code\Knee X-ray Images\MedicalExpert-II\MedicalExpert-II\1Doubtful\DoubtfulG1 (41).png,1Doubtful,1,Doubtful
full code\Knee X-ray Images\MedicalExpert-I\MedicalExpert-I\2Mild\MildG2 (147).png,2Mild,2,Mild
full code\Knee X-ray Images\MedicalExpert-I\MedicalExpert-I\3Moderate\ModerateG3 (127).png,3Moderate,3,Moderate
full code\Knee X-ray Images\MedicalExpert-II\MedicalExpert-II\1Doubtful\DoubtfulG1 (204).png,1Doubtful,1,Doubtful
full code\Knee X-ray Images\MedicalExpert-II\MedicalExpert-II\0Normal\NormalG0 (373).png,0Normal,0,Normal
full code\Knee X-ray Images\MedicalExpert-II\MedicalExpert-II\4Severe\SevereG4 (142).png,4Severe,4,Severe
full code\Knee X-ray Images\MedicalExpert-I\MedicalExpert-I\1Doubtful\DoubtfulG1 (2).png,1Doubtful,1,Doubtful
full code\Knee X-ray Images\MedicalExpert-I\MedicalExpert-I\1Doubtful\DoubtfulG1 (472).png,1Doubtful,1,Doubtful
full code\Knee X-ray Images\MedicalExpert-I\MedicalExpert-I\3Moderate\ModerateG3 (63).png,3Moderate,3,Moderate
full code\Knee X-ray Images\MedicalExpert-I\MedicalExpert-I\1Doubtful\DoubtfulG1 (15).png,1Doubtful,1,Doubtful
full code\Knee X-ray Images\MedicalExpert-I\MedicalExpert-I\2Mild\MildG2 (171).png,2Mild,2,Mild
full code\Knee X-ray Images\MedicalExpert-II\MedicalExpert-II\2Mild\MildG2 (33).png,2Mild,2,Mild
full code\Knee X-ray Images\MedicalExpert-II\MedicalExpert-II\0Normal\NormalG0 (127).png,0Normal,0,Normal
full code\Knee X-ray Images\MedicalExpert-I\MedicalExpert-I\1Doubtful\DoubtfulG1 (99).png,1Doubtful,1,Doubtful
full code\Knee X-ray Images\MedicalExpert-I\MedicalExpert-I\1Doubtful\DoubtfulG1 (54).png,1Doubtful,1,Doubtful
full code\Knee X-ray Images\MedicalExpert-II\MedicalExpert-II\0Normal\NormalG0 (126).png,0Normal,0,Normal
full code\Knee X-ray Images\MedicalExpert-I\MedicalExpert-I\3Moderate\ModerateG3 (58).png,3Moderate,3,Moderate
full code\Knee X-ray Images\MedicalExpert-II\MedicalExpert-II\2Mild\MildG2 (99).png,2Mild,2,Mild
full code\Knee X-ray Images\MedicalExpert-II\MedicalExpert-II\0Normal\NormalG0 (128).png,0Normal,0,Normal
full code\Knee X-ray Images\MedicalExpert-I\MedicalExpert-I\1Doubtful\DoubtfulG1 (311).png,1Doubtful,1,Doubtful
full code\Knee X-ray Images\MedicalExpert-II\MedicalExpert-II\3Moderate\ModerateG3 (158).png,3Moderate,3,Moderate
full code\Knee X-ray Images\MedicalExpert-I\MedicalExpert-I\1Doubtful\DoubtfulG1 (282).png,1Doubtful,1,Doubtful
full code\Knee X-ray Images\MedicalExpert-II\MedicalExpert-II\1Doubtful\DoubtfulG1 (66).png,1Doubtful,1,Doubtful
full code\Knee X-ray Images\MedicalExpert-II\MedicalExpert-II\1Doubtful\DoubtfulG1 (473).png,1Doubtful,1,Doubtful
full code\Knee X-ray Images\MedicalExpert-II\MedicalExpert-II\1Doubtful\DoubtfulG1 (264).png,1Doubtful,1,Doubtful
full code\Knee X-ray Images\MedicalExpert-II\MedicalExpert-II\0Normal\NormalG0 (483).png,0Normal,0,Normal
full code\Knee X-ray Images\MedicalExpert-I\MedicalExpert-I\0Normal\NormalG0 (286).png,0Normal,0,Normal
full code\Knee X-ray Images\MedicalExpert-I\MedicalExpert-I\1Doubtful\DoubtfulG1 (397).png,1Doubtful,1,Doubtful
full code\Knee X-ray Images\MedicalExpert-I\MedicalExpert-I\0Normal\NormalG0 (453).png,0Normal,0,Normal
full code\Knee X-ray Images\MedicalExpert-II\MedicalExpert-II\1Doubtful\DoubtfulG1 (194).png,1Doubtful,1,Doubtful
full code\Knee X-ray Images\MedicalExpert-I\MedicalExpert-I\0Normal\NormalG0 (129).png,0Normal,0,Normal
full code\Knee X-ray Images\MedicalExpert-II\MedicalExpert-II\0Normal\NormalG0 (4).png,0Normal,0,Normal
full code\Knee X-ray Images\MedicalExpert-II\MedicalExpert-II\0Normal\NormalG0 (190).png,0Normal,0,Normal
full code\Knee X-ray Images\MedicalExpert-II\MedicalExpert-II\4Severe\SevereG4 (83).png,4Severe,4,Severe
full code\Knee X-ray Images\MedicalExpert-II\MedicalExpert-II\2Mild\MildG2 (163).png,2Mild,2,Mild
full code\Knee X-ray Images\MedicalExpert-I\MedicalExpert-I\1Doubtful\DoubtfulG1 (181).png,1Doubtful,1,Doubtful
full code\Knee X-ray Images\MedicalExpert-II\MedicalExpert-II\0Normal\NormalG0 (151).png,0Normal,0,Normal
full code\Knee X-ray Images\MedicalExpert-II\MedicalExpert-II\3Moderate\ModerateG3 (213).png,3Moderate,3,Moderate
full code\Knee X-ray Images\MedicalExpert-II\MedicalExpert-II\1Doubtful\DoubtfulG1 (480).png,1Doubtful,1,Doubtful
full code\Knee X-ray Images\MedicalExpert-I\MedicalExpert-I\1Doubtful\DoubtfulG1 (263).png,1Doubtful,1,Doubtful
full code\Knee X-ray Images\MedicalExpert-II\MedicalExpert-II\0Normal\NormalG0 (139).png,0Normal,0,Normal
full code\Knee X-ray Images\MedicalExpert-II\MedicalExpert-II\0Normal\NormalG0 (440).png,0Normal,0,Normal
full code\Knee X-ray Images\MedicalExpert-II\MedicalExpert-II\1Doubtful\DoubtfulG1 (33).png,1Doubtful,1,Doubtful
full code\Knee X-ray Images\MedicalExpert-I\MedicalExpert-I\3Moderate\ModerateG3 (117).png,3Moderate,3,Moderate
full code\Knee X-ray Images\MedicalExpert-I\MedicalExpert-I\3Moderate\ModerateG3 (41).png,3Moderate,3,Moderate
full code\Knee X-ray Images\MedicalExpert-II\MedicalExpert-II\0Normal\NormalG0 (130).png,0Normal,0,Normal
full code\Knee X-ray Images\MedicalExpert-II\MedicalExpert-II\0Normal\NormalG0 (185).png,0Normal,0,Normal
full code\Knee X-ray Images\MedicalExpert-I\MedicalExpert-I\2Mild\MildG2 (231).png,2Mild,2,Mild
full code\Knee X-ray Images\MedicalExpert-I\MedicalExpert-I\2Mild\MildG2 (208).png,2Mild,2,Mild
full code\Knee X-ray Images\MedicalExpert-I\MedicalExpert-I\2Mild\MildG2 (192).png,2Mild,2,Mild
full code\Knee X-ray Images\MedicalExpert-I\MedicalExpert-I\0Normal\NormalG0 (319).png,0Normal,0,Normal
full code\Knee X-ray Images\MedicalExpert-I\MedicalExpert-I\4Severe\SevereG4 (74).png,4Severe,4,Severe
full code\Knee X-ray Images\MedicalExpert-II\MedicalExpert-II\4Severe\SevereG4 (159).png,4Severe,4,Severe
full code\Knee X-ray Images\MedicalExpert-II\MedicalExpert-II\1Doubtful\DoubtfulG1 (113).png,1Doubtful,1,Doubtful
full code\Knee X-ray Images\MedicalExpert-II\MedicalExpert-II\0Normal\NormalG0 (61).png,0Normal,0,Normal
full code\Knee X-ray Images\MedicalExpert-II\MedicalExpert-II\0Normal\NormalG0 (314).png,0Normal,0,Normal
full code\Knee X-ray Images\MedicalExpert-I\MedicalExpert-I\3Moderate\ModerateG3 (72).png,3Moderate,3,Moderate
full code\Knee X-ray Images\MedicalExpert-I\MedicalExpert-I\1Doubtful\DoubtfulG1 (420).png,1Doubtful,1,Doubtful
full code\Knee X-ray Images\MedicalExpert-I\MedicalExpert-I\1Doubtful\DoubtfulG1 (315).png,1Doubtful,1,Doubtful
full code\Knee X-ray Images\MedicalExpert-II\MedicalExpert-II\0Normal\NormalG0 (321).png,0Normal,0,Normal
full code\Knee X-ray Images\MedicalExpert-I\MedicalExpert-I\0Normal\NormalG0 (321).png,0Normal,0,Normal
full code\Knee X-ray Images\MedicalExpert-I\MedicalExpert-I\1Doubtful\DoubtfulG1 (307).png,1Doubtful,1,Doubtful
full code\Knee X-ray Images\MedicalExpert-I\MedicalExpert-I\4Severe\SevereG4 (32).png,4Severe,4,Severe
full code\Knee X-ray Images\MedicalExpert-I\MedicalExpert-I\4Severe\SevereG4 (130).png,4Severe,4,Severe
full code\Knee X-ray Images\MedicalExpert-II\MedicalExpert-II\4Severe\SevereG4 (127).png,4Severe,4,Severe
full code\Knee X-ray Images\MedicalExpert-II\MedicalExpert-II\0Normal\NormalG0 (189).png,0Normal,0,Normal
full code\Knee X-ray Images\MedicalExpert-I\MedicalExpert-I\0Normal\NormalG0 (411).png,0Normal,0,Normal
full code\Knee X-ray Images\MedicalExpert-I\MedicalExpert-I\1Doubtful\DoubtfulG1 (462).png,1Doubtful,1,Doubtful
full code\Knee X-ray Images\MedicalExpert-I\MedicalExpert-I\4Severe\SevereG4 (168).png,4Severe,4,Severe
full code\Knee X-ray Images\MedicalExpert-I\MedicalExpert-I\2Mild\MildG2 (141).png,2Mild,2,Mild
full code\Knee X-ray Images\MedicalExpert-I\MedicalExpert-I\1Doubtful\DoubtfulG1 (343).png,1Doubtful,1,Doubtful
full code\Knee X-ray Images\MedicalExpert-II\MedicalExpert-II\0Normal\NormalG0 (337).png,0Normal,0,Normal
full code\Knee X-ray Images\MedicalExpert-I\MedicalExpert-I\0Normal\NormalG0 (228).png,0Normal,0,Normal
full code\Knee X-ray Images\MedicalExpert-II\MedicalExpert-II\0Normal\NormalG0 (391).png,0Normal,0,Normal
full code\Knee X-ray Images\MedicalExpert-I\MedicalExpert-I\2Mild\MildG2 (89).png,2Mild,2,Mild
full code\Knee X-ray Images\MedicalExpert-II\MedicalExpert-II\2Mild\MildG2 (139).png,2Mild,2,Mild
full code\Knee X-ray Images\MedicalExpert-II\MedicalExpert-II\2Mild\MildG2 (54).png,2Mild,2,Mild
full code\Knee X-ray Images\MedicalExpert-II\MedicalExpert-II\2Mild\MildG2 (207).png,2Mild,2,Mild
full code\Knee X-ray Images\MedicalExpert-II\MedicalExpert-II\2Mild\MildG2 (218).png,2Mild,2,Mild
full code\Knee X-ray Images\MedicalExpert-I\MedicalExpert-I\0Normal\NormalG0 (282).png,0Normal,0,Normal
full code\Knee X-ray Images\MedicalExpert-I\MedicalExpert-I\2Mild\MildG2 (154).png,2Mild,2,Mild
full code\Knee X-ray Images\MedicalExpert-I\MedicalExpert-I\1Doubtful\DoubtfulG1 (233).png,1Doubtful,1,Doubtful
full code\Knee X-ray Images\MedicalExpert-II\MedicalExpert-II\4Severe\SevereG4 (163).png,4Severe,4,Severe
full code\Knee X-ray Images\MedicalExpert-I\MedicalExpert-I\2Mild\MildG2 (41).png,2Mild,2,Mild
full code\Knee X-ray Images\MedicalExpert-I\MedicalExpert-I\0Normal\NormalG0 (467).png,0Normal,0,Normal
full code\Knee X-ray Images\MedicalExpert-II\MedicalExpert-II\0Normal\NormalG0 (131).png,0Normal,0,Normal
full code\Knee X-ray Images\MedicalExpert-I\MedicalExpert-I\2Mild\MildG2 (227).png,2Mild,2,Mild
full code\Knee X-ray Images\MedicalExpert-II\MedicalExpert-II\4Severe\SevereG4 (117).png,4Severe,4,Severe
full code\Knee X-ray Images\MedicalExpert-II\MedicalExpert-II\3Moderate\ModerateG3 (31).png,3Moderate,3,Moderate
full code\Knee X-ray Images\MedicalExpert-I\MedicalExpert-I\1Doubtful\DoubtfulG1 (410).png,1Doubtful,1,Doubtful
full code\Knee X-ray Images\MedicalExpert-I\MedicalExpert-I\0Normal\NormalG0 (177).png,0Normal,0,Normal
full code\Knee X-ray Images\MedicalExpert-I\MedicalExpert-I\4Severe\SevereG4 (83).png,4Severe,4,Severe
full code\Knee X-ray Images\MedicalExpert-II\MedicalExpert-II\0Normal\NormalG0 (423).png,0Normal,0,Normal
full code\Knee X-ray Images\MedicalExpert-I\MedicalExpert-I\2Mild\MildG2 (137).png,2Mild,2,Mild
full code\Knee X-ray Images\MedicalExpert-I\MedicalExpert-I\0Normal\NormalG0 (248).png,0Normal,0,Normal
full code\Knee X-ray Images\MedicalExpert-II\MedicalExpert-II\1Doubtful\DoubtfulG1 (385).png,1Doubtful,1,Doubtful
full code\Knee X-ray Images\MedicalExpert-II\MedicalExpert-II\1Doubtful\DoubtfulG1 (222).png,1Doubtful,1,Doubtful
full code\Knee X-ray Images\MedicalExpert-II\MedicalExpert-II\1Doubtful\DoubtfulG1 (453).png,1Doubtful,1,Doubtful
full code\Knee X-ray Images\MedicalExpert-I\MedicalExpert-I\2Mild\MildG2 (212).png,2Mild,2,Mild
full code\Knee X-ray Images\MedicalExpert-II\MedicalExpert-II\0Normal\NormalG0 (261).png,0Normal,0,Normal
full code\Knee X-ray Images\MedicalExpert-I\MedicalExpert-I\0Normal\NormalG0 (33).png,0Normal,0,Normal
full code\Knee X-ray Images\MedicalExpert-II\MedicalExpert-II\0Normal\NormalG0 (378).png,0Normal,0,Normal
full code\Knee X-ray Images\MedicalExpert-I\MedicalExpert-I\0Normal\NormalG0 (156).png,0Normal,0,Normal
full code\Knee X-ray Images\MedicalExpert-I\MedicalExpert-I\4Severe\SevereG4 (107).png,4Severe,4,Severe
full code\Knee X-ray Images\MedicalExpert-I\MedicalExpert-I\4Severe\SevereG4 (9).png,4Severe,4,Severe
full code\Knee X-ray Images\MedicalExpert-II\MedicalExpert-II\3Moderate\ModerateG3 (52).png,3Moderate,3,Moderate
full code\Knee X-ray Images\MedicalExpert-II\MedicalExpert-II\0Normal\NormalG0 (249).png,0Normal,0,Normal
full code\Knee X-ray Images\MedicalExpert-I\MedicalExpert-I\3Moderate\ModerateG3 (132).png,3Moderate,3,Moderate
full code\Knee X-ray Images\MedicalExpert-I\MedicalExpert-I\1Doubtful\DoubtfulG1 (142).png,1Doubtful,1,Doubtful
full code\Knee X-ray Images\MedicalExpert-I\MedicalExpert-I\3Moderate\ModerateG3 (147).png,3Moderate,3,Moderate
full code\Knee X-ray Images\MedicalExpert-II\MedicalExpert-II\0Normal\NormalG0 (88).png,0Normal,0,Normal
full code\Knee X-ray Images\MedicalExpert-II\MedicalExpert-II\4Severe\SevereG4 (30).png,4Severe,4,Severe
full code\Knee X-ray Images\MedicalExpert-I\MedicalExpert-I\3Moderate\ModerateG3 (163).png,3Moderate,3,Moderate
full code\Knee X-ray Images\MedicalExpert-I\MedicalExpert-I\2Mild\MildG2 (191).png,2Mild,2,Mild
full code\Knee X-ray Images\MedicalExpert-I\MedicalExpert-I\2Mild\MildG2 (60).png,2Mild,2,Mild
full code\Knee X-ray Images\MedicalExpert-II\MedicalExpert-II\0Normal\NormalG0 (149).png,0Normal,0,Normal
full code\Knee X-ray Images\MedicalExpert-II\MedicalExpert-II\2Mild\MildG2 (74).png,2Mild,2,Mild
full code\Knee X-ray Images\MedicalExpert-I\MedicalExpert-I\4Severe\SevereG4 (94).png,4Severe,4,Severe
full code\Knee X-ray Images\MedicalExpert-II\MedicalExpert-II\0Normal\NormalG0 (251).png,0Normal,0,Normal
full code\Knee X-ray Images\MedicalExpert-I\MedicalExpert-I\1Doubtful\DoubtfulG1 (423).png,1Doubtful,1,Doubtful
full code\Knee X-ray Images\MedicalExpert-II\MedicalExpert-II\4Severe\SevereG4 (139).png,4Severe,4,Severe
full code\Knee X-ray Images\MedicalExpert-II\MedicalExpert-II\4Severe\SevereG4 (56).png,4Severe,4,Severe
full code\Knee X-ray Images\MedicalExpert-II\MedicalExpert-II\0Normal\NormalG0 (398).png,0Normal,0,Normal
full code\Knee X-ray Images\MedicalExpert-I\MedicalExpert-I\0Normal\NormalG0 (421).png,0Normal,0,Normal
full code\Knee X-ray Images\MedicalExpert-II\MedicalExpert-II\4Severe\SevereG4 (54).png,4Severe,4,Severe
full code\Knee X-ray Images\MedicalExpert-II\MedicalExpert-II\4Severe\SevereG4 (50).png,4Severe,4,Severe
full code\Knee X-ray Images\MedicalExpert-I\MedicalExpert-I\4Severe\SevereG4 (164).png,4Severe,4,Severe
full code\Knee X-ray Images\MedicalExpert-I\MedicalExpert-I\2Mild\MildG2 (167).png,2Mild,2,Mild
full code\Knee X-ray Images\MedicalExpert-I\MedicalExpert-I\3Moderate\ModerateG3 (88).png,3Moderate,3,Moderate
full code\Knee X-ray Images\MedicalExpert-II\MedicalExpert-II\0Normal\NormalG0 (326).png,0Normal,0,Normal
full code\Knee X-ray Images\MedicalExpert-I\MedicalExpert-I\1Doubtful\DoubtfulG1 (199).png,1Doubtful,1,Doubtful
full code\Knee X-ray Images\MedicalExpert-II\MedicalExpert-II\1Doubtful\DoubtfulG1 (281).png,1Doubtful,1,Doubtful
full code\Knee X-ray Images\MedicalExpert-I\MedicalExpert-I\0Normal\NormalG0 (344).png,0Normal,0,Normal
full code\Knee X-ray Images\MedicalExpert-II\MedicalExpert-II\1Doubtful\DoubtfulG1 (246).png,1Doubtful,1,Doubtful
full code\Knee X-ray Images\MedicalExpert-II\MedicalExpert-II\2Mild\MildG2 (178).png,2Mild,2,Mild
full code\Knee X-ray Images\MedicalExpert-II\MedicalExpert-II\1Doubtful\DoubtfulG1 (40).png,1Doubtful,1,Doubtful
full code\Knee X-ray Images\MedicalExpert-I\MedicalExpert-I\1Doubtful\DoubtfulG1 (172).png,1Doubtful,1,Doubtful
full code\Knee X-ray Images\MedicalExpert-I\MedicalExpert-I\1Doubtful\DoubtfulG1 (84).png,1Doubtful,1,Doubtful
full code\Knee X-ray Images\MedicalExpert-I\MedicalExpert-I\4Severe\SevereG4 (190).png,4Severe,4,Severe
full code\Knee X-ray Images\MedicalExpert-I\MedicalExpert-I\0Normal\NormalG0 (269).png,0Normal,0,Normal
full code\Knee X-ray Images\MedicalExpert-I\MedicalExpert-I\0Normal\NormalG0 (317).png,0Normal,0,Normal
full code\Knee X-ray Images\MedicalExpert-I\MedicalExpert-I\1Doubtful\DoubtfulG1 (128).png,1Doubtful,1,Doubtful
full code\Knee X-ray Images\MedicalExpert-II\MedicalExpert-II\0Normal\NormalG0 (426).png,0Normal,0,Normal
full code\Knee X-ray Images\MedicalExpert-II\MedicalExpert-II\1Doubtful\DoubtfulG1 (218).png,1Doubtful,1,Doubtful
full code\Knee X-ray Images\MedicalExpert-II\MedicalExpert-II\4Severe\SevereG4 (47).png,4Severe,4,Severe
full code\Knee X-ray Images\MedicalExpert-I\MedicalExpert-I\0Normal\NormalG0 (34).png,0Normal,0,Normal
full code\Knee X-ray Images\MedicalExpert-II\MedicalExpert-II\4Severe\SevereG4 (126).png,4Severe,4,Severe
full code\Knee X-ray Images\MedicalExpert-II\MedicalExpert-II\1Doubtful\DoubtfulG1 (201).png,1Doubtful,1,Doubtful
full code\Knee X-ray Images\MedicalExpert-II\MedicalExpert-II\1Doubtful\DoubtfulG1 (481).png,1Doubtful,1,Doubtful
full code\Knee X-ray Images\MedicalExpert-I\MedicalExpert-I\0Normal\NormalG0 (206).png,0Normal,0,Normal
full code\Knee X-ray Images\MedicalExpert-II\MedicalExpert-II\0Normal\NormalG0 (138).png,0Normal,0,Normal
full code\Knee X-ray Images\MedicalExpert-I\MedicalExpert-I\1Doubtful\DoubtfulG1 (347).png,1Doubtful,1,Doubtful
full code\Knee X-ray Images\MedicalExpert-II\MedicalExpert-II\0Normal\NormalG0 (278).png,0Normal,0,Normal
full code\Knee X-ray Images\MedicalExpert-I\MedicalExpert-I\3Moderate\ModerateG3 (22).png,3Moderate,3,Moderate
full code\Knee X-ray Images\MedicalExpert-I\MedicalExpert-I\1Doubtful\DoubtfulG1 (200).png,1Doubtful,1,Doubtful
full code\Knee X-ray Images\MedicalExpert-I\MedicalExpert-I\1Doubtful\DoubtfulG1 (178).png,1Doubtful,1,Doubtful
full code\Knee X-ray Images\MedicalExpert-I\MedicalExpert-I\2Mild\MildG2 (187).png,2Mild,2,Mild
full code\Knee X-ray Images\MedicalExpert-II\MedicalExpert-II\0Normal\NormalG0 (512).png,0Normal,0,Normal
full code\Knee X-ray Images\MedicalExpert-I\MedicalExpert-I\4Severe\SevereG4 (20).png,4Severe,4,Severe
full code\Knee X-ray Images\MedicalExpert-II\MedicalExpert-II\0Normal\NormalG0 (383).png,0Normal,0,Normal
full code\Knee X-ray Images\MedicalExpert-I\MedicalExpert-I\3Moderate\ModerateG3 (83).png,3Moderate,3,Moderate
full code\Knee X-ray Images\MedicalExpert-I\MedicalExpert-I\0Normal\NormalG0 (337).png,0Normal,0,Normal
full code\Knee X-ray Images\MedicalExpert-II\MedicalExpert-II\1Doubtful\DoubtfulG1 (258).png,1Doubtful,1,Doubtful
full code\Knee X-ray Images\MedicalExpert-I\MedicalExpert-I\0Normal\NormalG0 (113).png,0Normal,0,Normal
full code\Knee X-ray Images\MedicalExpert-II\MedicalExpert-II\1Doubtful\DoubtfulG1 (65).png,1Doubtful,1,Doubtful
full code\Knee X-ray Images\MedicalExpert-I\MedicalExpert-I\1Doubtful\DoubtfulG1 (145).png,1Doubtful,1,Doubtful
full code\Knee X-ray Images\MedicalExpert-II\MedicalExpert-II\4Severe\SevereG4 (108).png,4Severe,4,Severe
full code\Knee X-ray Images\MedicalExpert-II\MedicalExpert-II\3Moderate\ModerateG3 (85).png,3Moderate,3,Moderate
full code\Knee X-ray Images\MedicalExpert-I\MedicalExpert-I\0Normal\NormalG0 (320).png,0Normal,0,Normal
full code\Knee X-ray Images\MedicalExpert-I\MedicalExpert-I\1Doubtful\DoubtfulG1 (292).png,1Doubtful,1,Doubtful
full code\Knee X-ray Images\MedicalExpert-I\MedicalExpert-I\1Doubtful\DoubtfulG1 (475).png,1Doubtful,1,Doubtful
full code\Knee X-ray Images\MedicalExpert-I\MedicalExpert-I\0Normal\NormalG0 (283).png,0Normal,0,Normal
full code\Knee X-ray Images\MedicalExpert-I\MedicalExpert-I\0Normal\NormalG0 (104).png,0Normal,0,Normal
full code\Knee X-ray Images\MedicalExpert-I\MedicalExpert-I\3Moderate\ModerateG3 (114).png,3Moderate,3,Moderate
full code\Knee X-ray Images\MedicalExpert-II\MedicalExpert-II\0Normal\NormalG0 (101).png,0Normal,0,Normal
full code\Knee X-ray Images\MedicalExpert-I\MedicalExpert-I\0Normal\NormalG0 (477).png,0Normal,0,Normal
full code\Knee X-ray Images\MedicalExpert-I\MedicalExpert-I\3Moderate\ModerateG3 (121).png,3Moderate,3,Moderate
full code\Knee X-ray Images\MedicalExpert-I\MedicalExpert-I\1Doubtful\DoubtfulG1 (156).png,1Doubtful,1,Doubtful
full code\Knee X-ray Images\MedicalExpert-II\MedicalExpert-II\2Mild\MildG2 (111).png,2Mild,2,Mild
full code\Knee X-ray Images\MedicalExpert-II\MedicalExpert-II\4Severe\SevereG4 (203).png,4Severe,4,Severe
full code\Knee X-ray Images\MedicalExpert-I\MedicalExpert-I\0Normal\NormalG0 (256).png,0Normal,0,Normal
full code\Knee X-ray Images\MedicalExpert-II\MedicalExpert-II\3Moderate\ModerateG3 (176).png,3Moderate,3,Moderate
full code\Knee X-ray Images\MedicalExpert-II\MedicalExpert-II\0Normal\NormalG0 (297).png,0Normal,0,Normal
full code\Knee X-ray Images\MedicalExpert-I\MedicalExpert-I\1Doubtful\DoubtfulG1 (194).png,1Doubtful,1,Doubtful
full code\Knee X-ray Images\MedicalExpert-II\MedicalExpert-II\4Severe\SevereG4 (51).png,4Severe,4,Severe
full code\Knee X-ray Images\MedicalExpert-I\MedicalExpert-I\0Normal\NormalG0 (263).png,0Normal,0,Normal
full code\Knee X-ray Images\MedicalExpert-II\MedicalExpert-II\3Moderate\ModerateG3 (62).png,3Moderate,3,Moderate
full code\Knee X-ray Images\MedicalExpert-I\MedicalExpert-I\1Doubtful\DoubtfulG1 (317).png,1Doubtful,1,Doubtful
full code\Knee X-ray Images\MedicalExpert-II\MedicalExpert-II\2Mild\MildG2 (23).png,2Mild,2,Mild
full code\Knee X-ray Images\MedicalExpert-II\MedicalExpert-II\4Severe\SevereG4 (174).png,4Severe,4,Severe
full code\Knee X-ray Images\MedicalExpert-I\MedicalExpert-I\3Moderate\ModerateG3 (77).png,3Moderate,3,Moderate
full code\Knee X-ray Images\MedicalExpert-I\MedicalExpert-I\1Doubtful\DoubtfulG1 (438).png,1Doubtful,1,Doubtful
full code\Knee X-ray Images\MedicalExpert-I\MedicalExpert-I\0Normal\NormalG0 (378).png,0Normal,0,Normal
full code\Knee X-ray Images\MedicalExpert-II\MedicalExpert-II\4Severe\SevereG4 (125).png,4Severe,4,Severe
full code\Knee X-ray Images\MedicalExpert-I\MedicalExpert-I\1Doubtful\DoubtfulG1 (191).png,1Doubtful,1,Doubtful
full code\Knee X-ray Images\MedicalExpert-II\MedicalExpert-II\0Normal\NormalG0 (214).png,0Normal,0,Normal
full code\Knee X-ray Images\MedicalExpert-II\MedicalExpert-II\3Moderate\ModerateG3 (36).png,3Moderate,3,Moderate
full code\Knee X-ray Images\MedicalExpert-II\MedicalExpert-II\4Severe\SevereG4 (44).png,4Severe,4,Severe
full code\Knee X-ray Images\MedicalExpert-II\MedicalExpert-II\2Mild\MildG2 (231).png,2Mild,2,Mild
full code\Knee X-ray Images\MedicalExpert-II\MedicalExpert-II\3Moderate\ModerateG3 (184).png,3Moderate,3,Moderate
full code\Knee X-ray Images\MedicalExpert-II\MedicalExpert-II\0Normal\NormalG0 (27).png,0Normal,0,Normal
full code\Knee X-ray Images\MedicalExpert-II\MedicalExpert-II\2Mild\MildG2 (39).png,2Mild,2,Mild
full code\Knee X-ray Images\MedicalExpert-I\MedicalExpert-I\2Mild\MildG2 (54).png,2Mild,2,Mild
full code\Knee X-ray Images\MedicalExpert-I\MedicalExpert-I\1Doubtful\DoubtfulG1 (39).png,1Doubtful,1,Doubtful
full code\Knee X-ray Images\MedicalExpert-II\MedicalExpert-II\0Normal\NormalG0 (457).png,0Normal,0,Normal
full code\Knee X-ray Images\MedicalExpert-I\MedicalExpert-I\2Mild\MildG2 (98).png,2Mild,2,Mild
full code\Knee X-ray Images\MedicalExpert-II\MedicalExpert-II\2Mild\MildG2 (16).png,2Mild,2,Mild
full code\Knee X-ray Images\MedicalExpert-I\MedicalExpert-I\1Doubtful\DoubtfulG1 (471).png,1Doubtful,1,Doubtful
full code\Knee X-ray Images\MedicalExpert-II\MedicalExpert-II\0Normal\NormalG0 (94).png,0Normal,0,Normal
full code\Knee X-ray Images\MedicalExpert-II\MedicalExpert-II\0Normal\NormalG0 (498).png,0Normal,0,Normal
full code\Knee X-ray Images\MedicalExpert-I\MedicalExpert-I\2Mild\MildG2 (216).png,2Mild,2,Mild
full code\Knee X-ray Images\MedicalExpert-I\MedicalExpert-I\0Normal\NormalG0 (407).png,0Normal,0,Normal
full code\Knee X-ray Images\MedicalExpert-I\MedicalExpert-I\1Doubtful\DoubtfulG1 (284).png,1Doubtful,1,Doubtful
full code\Knee X-ray Images\MedicalExpert-I\MedicalExpert-I\4Severe\SevereG4 (38).png,4Severe,4,Severe
full code\Knee X-ray Images\MedicalExpert-I\MedicalExpert-I\4Severe\SevereG4 (47).png,4Severe,4,Severe
full code\Knee X-ray Images\MedicalExpert-II\MedicalExpert-II\1Doubtful\DoubtfulG1 (437).png,1Doubtful,1,Doubtful
full code\Knee X-ray Images\MedicalExpert-I\MedicalExpert-I\1Doubtful\DoubtfulG1 (164).png,1Doubtful,1,Doubtful
full code\Knee X-ray Images\MedicalExpert-I\MedicalExpert-I\0Normal\NormalG0 (116).png,0Normal,0,Normal
full code\Knee X-ray Images\MedicalExpert-I\MedicalExpert-I\0Normal\NormalG0 (14).png,0Normal,0,Normal
full code\Knee X-ray Images\MedicalExpert-II\MedicalExpert-II\0Normal\NormalG0 (38).png,0Normal,0,Normal
full code\Knee X-ray Images\MedicalExpert-II\MedicalExpert-II\3Moderate\ModerateG3 (2).png,3Moderate,3,Moderate
full code\Knee X-ray Images\MedicalExpert-I\MedicalExpert-I\1Doubtful\DoubtfulG1 (465).png,1Doubtful,1,Doubtful
full code\Knee X-ray Images\MedicalExpert-I\MedicalExpert-I\1Doubtful\DoubtfulG1 (16).png,1Doubtful,1,Doubtful
full code\Knee X-ray Images\MedicalExpert-I\MedicalExpert-I\0Normal\NormalG0 (288).png,0Normal,0,Normal
full code\Knee X-ray Images\MedicalExpert-II\MedicalExpert-II\1Doubtful\DoubtfulG1 (476).png,1Doubtful,1,Doubtful
full code\Knee X-ray Images\MedicalExpert-II\MedicalExpert-II\2Mild\MildG2 (193).png,2Mild,2,Mild
full code\Knee X-ray Images\MedicalExpert-II\MedicalExpert-II\4Severe\SevereG4 (195).png,4Severe,4,Severe
full code\Knee X-ray Images\MedicalExpert-I\MedicalExpert-I\1Doubtful\DoubtfulG1 (301).png,1Doubtful,1,Doubtful
full code\Knee X-ray Images\MedicalExpert-I\MedicalExpert-I\2Mild\MildG2 (90).png,2Mild,2,Mild
full code\Knee X-ray Images\MedicalExpert-I\MedicalExpert-I\3Moderate\ModerateG3 (56).png,3Moderate,3,Moderate
full code\Knee X-ray Images\MedicalExpert-II\MedicalExpert-II\1Doubtful\DoubtfulG1 (183).png,1Doubtful,1,Doubtful
full code\Knee X-ray Images\MedicalExpert-II\MedicalExpert-II\4Severe\SevereG4 (63).png,4Severe,4,Severe
full code\Knee X-ray Images\MedicalExpert-II\MedicalExpert-II\1Doubtful\DoubtfulG1 (28).png,1Doubtful,1,Doubtful
full code\Knee X-ray Images\MedicalExpert-I\MedicalExpert-I\3Moderate\ModerateG3 (34).png,3Moderate,3,Moderate
full code\Knee X-ray Images\MedicalExpert-II\MedicalExpert-II\1Doubtful\DoubtfulG1 (62).png,1Doubtful,1,Doubtful
full code\Knee X-ray Images\MedicalExpert-II\MedicalExpert-II\4Severe\SevereG4 (96).png,4Severe,4,Severe
full code\Knee X-ray Images\MedicalExpert-I\MedicalExpert-I\0Normal\NormalG0 (6).png,0Normal,0,Normal
full code\Knee X-ray Images\MedicalExpert-II\MedicalExpert-II\1Doubtful\DoubtfulG1 (181).png,1Doubtful,1,Doubtful
full code\Knee X-ray Images\MedicalExpert-II\MedicalExpert-II\3Moderate\ModerateG3 (186).png,3Moderate,3,Moderate
full code\Knee X-ray Images\MedicalExpert-I\MedicalExpert-I\1Doubtful\DoubtfulG1 (427).png,1Doubtful,1,Doubtful
full code\Knee X-ray Images\MedicalExpert-I\MedicalExpert-I\0Normal\NormalG0 (442).png,0Normal,0,Normal
full code\Knee X-ray Images\MedicalExpert-I\MedicalExpert-I\1Doubtful\DoubtfulG1 (113).png,1Doubtful,1,Doubtful
full code\Knee X-ray Images\MedicalExpert-I\MedicalExpert-I\1Doubtful\DoubtfulG1 (406).png,1Doubtful,1,Doubtful
full code\Knee X-ray Images\MedicalExpert-II\MedicalExpert-II\1Doubtful\DoubtfulG1 (202).png,1Doubtful,1,Doubtful
full code\Knee X-ray Images\MedicalExpert-II\MedicalExpert-II\2Mild\MildG2 (232).png,2Mild,2,Mild
full code\Knee X-ray Images\MedicalExpert-II\MedicalExpert-II\1Doubtful\DoubtfulG1 (162).png,1Doubtful,1,Doubtful
full code\Knee X-ray Images\MedicalExpert-II\MedicalExpert-II\1Doubtful\DoubtfulG1 (149).png,1Doubtful,1,Doubtful
full code\Knee X-ray Images\MedicalExpert-I\MedicalExpert-I\1Doubtful\DoubtfulG1 (106).png,1Doubtful,1,Doubtful
full code\Knee X-ray Images\MedicalExpert-II\MedicalExpert-II\4Severe\SevereG4 (167).png,4Severe,4,Severe
full code\Knee X-ray Images\MedicalExpert-I\MedicalExpert-I\1Doubtful\DoubtfulG1 (17).png,1Doubtful,1,Doubtful
full code\Knee X-ray Images\MedicalExpert-II\MedicalExpert-II\3Moderate\ModerateG3 (156).png,3Moderate,3,Moderate
full code\Knee X-ray Images\MedicalExpert-II\MedicalExpert-II\1Doubtful\DoubtfulG1 (29).png,1Doubtful,1,Doubtful
full code\Knee X-ray Images\MedicalExpert-I\MedicalExpert-I\0Normal\NormalG0 (192).png,0Normal,0,Normal
full code\Knee X-ray Images\MedicalExpert-II\MedicalExpert-II\1Doubtful\DoubtfulG1 (82).png,1Doubtful,1,Doubtful
full code\Knee X-ray Images\MedicalExpert-II\MedicalExpert-II\4Severe\SevereG4 (143).png,4Severe,4,Severe
full code\Knee X-ray Images\MedicalExpert-II\MedicalExpert-II\3Moderate\ModerateG3 (206).png,3Moderate,3,Moderate
full code\Knee X-ray Images\MedicalExpert-I\MedicalExpert-I\3Moderate\ModerateG3 (124).png,3Moderate,3,Moderate
full code\Knee X-ray Images\MedicalExpert-II\MedicalExpert-II\2Mild\MildG2 (88).png,2Mild,2,Mild
full code\Knee X-ray Images\MedicalExpert-II\MedicalExpert-II\4Severe\SevereG4 (57).png,4Severe,4,Severe
full code\Knee X-ray Images\MedicalExpert-I\MedicalExpert-I\3Moderate\ModerateG3 (212).png,3Moderate,3,Moderate
full code\Knee X-ray Images\MedicalExpert-I\MedicalExpert-I\4Severe\SevereG4 (148).png,4Severe,4,Severe
full code\Knee X-ray Images\MedicalExpert-I\MedicalExpert-I\4Severe\SevereG4 (60).png,4Severe,4,Severe
full code\Knee X-ray Images\MedicalExpert-I\MedicalExpert-I\1Doubtful\DoubtfulG1 (85).png,1Doubtful,1,Doubtful
full code\Knee X-ray Images\MedicalExpert-II\MedicalExpert-II\3Moderate\ModerateG3 (122).png,3Moderate,3,Moderate
full code\Knee X-ray Images\MedicalExpert-II\MedicalExpert-II\4Severe\SevereG4 (110).png,4Severe,4,Severe
full code\Knee X-ray Images\MedicalExpert-II\MedicalExpert-II\3Moderate\ModerateG3 (173).png,3Moderate,3,Moderate
full code\Knee X-ray Images\MedicalExpert-I\MedicalExpert-I\4Severe\SevereG4 (89).png,4Severe,4,Severe
full code\Knee X-ray Images\MedicalExpert-II\MedicalExpert-II\3Moderate\ModerateG3 (88).png,3Moderate,3,Moderate
full code\Knee X-ray Images\MedicalExpert-II\MedicalExpert-II\1Doubtful\DoubtfulG1 (326).png,1Doubtful,1,Doubtful
full code\Knee X-ray Images\MedicalExpert-I\MedicalExpert-I\1Doubtful\DoubtfulG1 (223).png,1Doubtful,1,Doubtful
full code\Knee X-ray Images\MedicalExpert-II\MedicalExpert-II\0Normal\NormalG0 (9).png,0Normal,0,Normal
full code\Knee X-ray Images\MedicalExpert-II\MedicalExpert-II\1Doubtful\DoubtfulG1 (128).png,1Doubtful,1,Doubtful
full code\Knee X-ray Images\MedicalExpert-II\MedicalExpert-II\0Normal\NormalG0 (322).png,0Normal,0,Normal
full code\Knee X-ray Images\MedicalExpert-I\MedicalExpert-I\0Normal\NormalG0 (52).png,0Normal,0,Normal
full code\Knee X-ray Images\MedicalExpert-II\MedicalExpert-II\1Doubtful\DoubtfulG1 (488).png,1Doubtful,1,Doubtful
full code\Knee X-ray Images\MedicalExpert-I\MedicalExpert-I\0Normal\NormalG0 (375).png,0Normal,0,Normal
full code\Knee X-ray Images\MedicalExpert-II\MedicalExpert-II\2Mild\MildG2 (192).png,2Mild,2,Mild
full code\Knee X-ray Images\MedicalExpert-I\MedicalExpert-I\0Normal\NormalG0 (217).png,0Normal,0,Normal
full code\Knee X-ray Images\MedicalExpert-I\MedicalExpert-I\4Severe\SevereG4 (97).png,4Severe,4,Severe
full code\Knee X-ray Images\MedicalExpert-I\MedicalExpert-I\3Moderate\ModerateG3 (198).png,3Moderate,3,Moderate
full code\Knee X-ray Images\MedicalExpert-II\MedicalExpert-II\0Normal\NormalG0 (514).png,0Normal,0,Normal
full code\Knee X-ray Images\MedicalExpert-II\MedicalExpert-II\3Moderate\ModerateG3 (11).png,3Moderate,3,Moderate
full code\Knee X-ray Images\MedicalExpert-II\MedicalExpert-II\0Normal\NormalG0 (161).png,0Normal,0,Normal
full code\Knee X-ray Images\MedicalExpert-II\MedicalExpert-II\1Doubtful\DoubtfulG1 (54).png,1Doubtful,1,Doubtful
full code\Knee X-ray Images\MedicalExpert-II\MedicalExpert-II\0Normal\NormalG0 (221).png,0Normal,0,Normal
full code\Knee X-ray Images\MedicalExpert-I\MedicalExpert-I\3Moderate\ModerateG3 (217).png,3Moderate,3,Moderate
full code\Knee X-ray Images\MedicalExpert-II\MedicalExpert-II\3Moderate\ModerateG3 (124).png,3Moderate,3,Moderate
full code\Knee X-ray Images\MedicalExpert-II\MedicalExpert-II\3Moderate\ModerateG3 (89).png,3Moderate,3,Moderate
full code\Knee X-ray Images\MedicalExpert-II\MedicalExpert-II\1Doubtful\DoubtfulG1 (266).png,1Doubtful,1,Doubtful
full code\Knee X-ray Images\MedicalExpert-II\MedicalExpert-II\0Normal\NormalG0 (239).png,0Normal,0,Normal
full code\Knee X-ray Images\MedicalExpert-I\MedicalExpert-I\1Doubtful\DoubtfulG1 (339).png,1Doubtful,1,Doubtful
full code\Knee X-ray Images\MedicalExpert-I\MedicalExpert-I\4Severe\SevereG4 (117).png,4Severe,4,Severe
full code\Knee X-ray Images\MedicalExpert-II\MedicalExpert-II\1Doubtful\DoubtfulG1 (298).png,1Doubtful,1,Doubtful
full code\Knee X-ray Images\MedicalExpert-II\MedicalExpert-II\2Mild\MildG2 (94).png,2Mild,2,Mild
full code\Knee X-ray Images\MedicalExpert-II\MedicalExpert-II\2Mild\MildG2 (198).png,2Mild,2,Mild
full code\Knee X-ray Images\MedicalExpert-II\MedicalExpert-II\4Severe\SevereG4 (78).png,4Severe,4,Severe
full code\Knee X-ray Images\MedicalExpert-I\MedicalExpert-I\0Normal\NormalG0 (309).png,0Normal,0,Normal
full code\Knee X-ray Images\MedicalExpert-I\MedicalExpert-I\2Mild\MildG2 (119).png,2Mild,2,Mild
full code\Knee X-ray Images\MedicalExpert-II\MedicalExpert-II\3Moderate\ModerateG3 (219).png,3Moderate,3,Moderate
full code\Knee X-ray Images\MedicalExpert-I\MedicalExpert-I\3Moderate\ModerateG3 (204).png,3Moderate,3,Moderate
full code\Knee X-ray Images\MedicalExpert-II\MedicalExpert-II\0Normal\NormalG0 (232).png,0Normal,0,Normal
full code\Knee X-ray Images\MedicalExpert-I\MedicalExpert-I\0Normal\NormalG0 (82).png,0Normal,0,Normal
full code\Knee X-ray Images\MedicalExpert-II\MedicalExpert-II\0Normal\NormalG0 (463).png,0Normal,0,Normal
full code\Knee X-ray Images\MedicalExpert-I\MedicalExpert-I\0Normal\NormalG0 (340).png,0Normal,0,Normal
full code\Knee X-ray Images\MedicalExpert-II\MedicalExpert-II\2Mild\MildG2 (47).png,2Mild,2,Mild
full code\Knee X-ray Images\MedicalExpert-II\MedicalExpert-II\1Doubtful\DoubtfulG1 (274).png,1Doubtful,1,Doubtful
full code\Knee X-ray Images\MedicalExpert-II\MedicalExpert-II\4Severe\SevereG4 (17).png,4Severe,4,Severe
full code\Knee X-ray Images\MedicalExpert-I\MedicalExpert-I\0Normal\NormalG0 (391).png,0Normal,0,Normal
full code\Knee X-ray Images\MedicalExpert-II\MedicalExpert-II\1Doubtful\DoubtfulG1 (355).png,1Doubtful,1,Doubtful
full code\Knee X-ray Images\MedicalExpert-I\MedicalExpert-I\0Normal\NormalG0 (121).png,0Normal,0,Normal
full code\Knee X-ray Images\MedicalExpert-I\MedicalExpert-I\0Normal\NormalG0 (209).png,0Normal,0,Normal
full code\Knee X-ray Images\MedicalExpert-II\MedicalExpert-II\0Normal\NormalG0 (93).png,0Normal,0,Normal
full code\Knee X-ray Images\MedicalExpert-I\MedicalExpert-I\0Normal\NormalG0 (262).png,0Normal,0,Normal
full code\Knee X-ray Images\MedicalExpert-II\MedicalExpert-II\1Doubtful\DoubtfulG1 (367).png,1Doubtful,1,Doubtful
full code\Knee X-ray Images\MedicalExpert-II\MedicalExpert-II\1Doubtful\DoubtfulG1 (399).png,1Doubtful,1,Doubtful
full code\Knee X-ray Images\MedicalExpert-I\MedicalExpert-I\1Doubtful\DoubtfulG1 (280).png,1Doubtful,1,Doubtful
full code\Knee X-ray Images\MedicalExpert-I\MedicalExpert-I\2Mild\MildG2 (27).png,2Mild,2,Mild
full code\Knee X-ray Images\MedicalExpert-II\MedicalExpert-II\1Doubtful\DoubtfulG1 (112).png,1Doubtful,1,Doubtful
full code\Knee X-ray Images\MedicalExpert-I\MedicalExpert-I\0Normal\NormalG0 (426).png,0Normal,0,Normal
full code\Knee X-ray Images\MedicalExpert-I\MedicalExpert-I\1Doubtful\DoubtfulG1 (151).png,1Doubtful,1,Doubtful
full code\Knee X-ray Images\MedicalExpert-II\MedicalExpert-II\3Moderate\ModerateG3 (92).png,3Moderate,3,Moderate
full code\Knee X-ray Images\MedicalExpert-I\MedicalExpert-I\1Doubtful\DoubtfulG1 (239).png,1Doubtful,1,Doubtful
full code\Knee X-ray Images\MedicalExpert-II\MedicalExpert-II\1Doubtful\DoubtfulG1 (346).png,1Doubtful,1,Doubtful
full code\Knee X-ray Images\MedicalExpert-II\MedicalExpert-II\2Mild\MildG2 (49).png,2Mild,2,Mild
full code\Knee X-ray Images\MedicalExpert-I\MedicalExpert-I\3Moderate\ModerateG3 (28).png,3Moderate,3,Moderate
full code\Knee X-ray Images\MedicalExpert-I\MedicalExpert-I\0Normal\NormalG0 (138).png,0Normal,0,Normal
full code\Knee X-ray Images\MedicalExpert-I\MedicalExpert-I\0Normal\NormalG0 (328).png,0Normal,0,Normal
full code\Knee X-ray Images\MedicalExpert-I\MedicalExpert-I\0Normal\NormalG0 (69).png,0Normal,0,Normal
full code\Knee X-ray Images\MedicalExpert-II\MedicalExpert-II\0Normal\NormalG0 (227).png,0Normal,0,Normal
full code\Knee X-ray Images\MedicalExpert-II\MedicalExpert-II\3Moderate\ModerateG3 (57).png,3Moderate,3,Moderate
full code\Knee X-ray Images\MedicalExpert-II\MedicalExpert-II\1Doubtful\DoubtfulG1 (463).png,1Doubtful,1,Doubtful
full code\Knee X-ray Images\MedicalExpert-II\MedicalExpert-II\2Mild\MildG2 (100).png,2Mild,2,Mild
full code\Knee X-ray Images\MedicalExpert-II\MedicalExpert-II\0Normal\NormalG0 (385).png,0Normal,0,Normal
full code\Knee X-ray Images\MedicalExpert-II\MedicalExpert-II\1Doubtful\DoubtfulG1 (45).png,1Doubtful,1,Doubtful
full code\Knee X-ray Images\MedicalExpert-II\MedicalExpert-II\1Doubtful\DoubtfulG1 (245).png,1Doubtful,1,Doubtful
full code\Knee X-ray Images\MedicalExpert-II\MedicalExpert-II\1Doubtful\DoubtfulG1 (118).png,1Doubtful,1,Doubtful
full code\Knee X-ray Images\MedicalExpert-I\MedicalExpert-I\1Doubtful\DoubtfulG1 (243).png,1Doubtful,1,Doubtful
full code\Knee X-ray Images\MedicalExpert-I\MedicalExpert-I\0Normal\NormalG0 (133).png,0Normal,0,Normal
full code\Knee X-ray Images\MedicalExpert-II\MedicalExpert-II\0Normal\NormalG0 (180).png,0Normal,0,Normal
full code\Knee X-ray Images\MedicalExpert-II\MedicalExpert-II\1Doubtful\DoubtfulG1 (189).png,1Doubtful,1,Doubtful
full code\Knee X-ray Images\MedicalExpert-II\MedicalExpert-II\0Normal\NormalG0 (272).png,0Normal,0,Normal
full code\Knee X-ray Images\MedicalExpert-I\MedicalExpert-I\1Doubtful\DoubtfulG1 (51).png,1Doubtful,1,Doubtful
full code\Knee X-ray Images\MedicalExpert-II\MedicalExpert-II\0Normal\NormalG0 (186).png,0Normal,0,Normal
full code\Knee X-ray Images\MedicalExpert-I\MedicalExpert-I\1Doubtful\DoubtfulG1 (209).png,1Doubtful,1,Doubtful
full code\Knee X-ray Images\MedicalExpert-II\MedicalExpert-II\1Doubtful\DoubtfulG1 (354).png,1Doubtful,1,Doubtful
full code\Knee X-ray Images\MedicalExpert-I\MedicalExpert-I\1Doubtful\DoubtfulG1 (453).png,1Doubtful,1,Doubtful
full code\Knee X-ray Images\MedicalExpert-I\MedicalExpert-I\1Doubtful\DoubtfulG1 (244).png,1Doubtful,1,Doubtful
full code\Knee X-ray Images\MedicalExpert-II\MedicalExpert-II\0Normal\NormalG0 (147).png,0Normal,0,Normal
full code\Knee X-ray Images\MedicalExpert-I\MedicalExpert-I\4Severe\SevereG4 (56).png,4Severe,4,Severe
full code\Knee X-ray Images\MedicalExpert-II\MedicalExpert-II\0Normal\NormalG0 (188).png,0Normal,0,Normal
full code\Knee X-ray Images\MedicalExpert-II\MedicalExpert-II\0Normal\NormalG0 (474).png,0Normal,0,Normal
full code\Knee X-ray Images\MedicalExpert-II\MedicalExpert-II\0Normal\NormalG0 (115).png,0Normal,0,Normal
full code\Knee X-ray Images\MedicalExpert-II\MedicalExpert-II\1Doubtful\DoubtfulG1 (345).png,1Doubtful,1,Doubtful
full code\Knee X-ray Images\MedicalExpert-I\MedicalExpert-I\0Normal\NormalG0 (25).png,0Normal,0,Normal
full code\Knee X-ray Images\MedicalExpert-II\MedicalExpert-II\3Moderate\ModerateG3 (29).png,3Moderate,3,Moderate
full code\Knee X-ray Images\MedicalExpert-I\MedicalExpert-I\0Normal\NormalG0 (428).png,0Normal,0,Normal
full code\Knee X-ray Images\MedicalExpert-II\MedicalExpert-II\4Severe\SevereG4 (190).png,4Severe,4,Severe
full code\Knee X-ray Images\MedicalExpert-II\MedicalExpert-II\0Normal\NormalG0 (41).png,0Normal,0,Normal
full code\Knee X-ray Images\MedicalExpert-I\MedicalExpert-I\0Normal\NormalG0 (43).png,0Normal,0,Normal
full code\Knee X-ray Images\MedicalExpert-I\MedicalExpert-I\1Doubtful\DoubtfulG1 (345).png,1Doubtful,1,Doubtful
full code\Knee X-ray Images\MedicalExpert-I\MedicalExpert-I\1Doubtful\DoubtfulG1 (349).png,1Doubtful,1,Doubtful
full code\Knee X-ray Images\MedicalExpert-II\MedicalExpert-II\0Normal\NormalG0 (304).png,0Normal,0,Normal
full code\Knee X-ray Images\MedicalExpert-I\MedicalExpert-I\0Normal\NormalG0 (360).png,0Normal,0,Normal
full code\Knee X-ray Images\MedicalExpert-II\MedicalExpert-II\4Severe\SevereG4 (160).png,4Severe,4,Severe
full code\Knee X-ray Images\MedicalExpert-I\MedicalExpert-I\0Normal\NormalG0 (470).png,0Normal,0,Normal
full code\Knee X-ray Images\MedicalExpert-II\MedicalExpert-II\0Normal\NormalG0 (111).png,0Normal,0,Normal
full code\Knee X-ray Images\MedicalExpert-II\MedicalExpert-II\4Severe\SevereG4 (10).png,4Severe,4,Severe
full code\Knee X-ray Images\MedicalExpert-I\MedicalExpert-I\0Normal\NormalG0 (241).png,0Normal,0,Normal
full code\Knee X-ray Images\MedicalExpert-II\MedicalExpert-II\0Normal\NormalG0 (76).png,0Normal,0,Normal
full code\Knee X-ray Images\MedicalExpert-I\MedicalExpert-I\1Doubtful\DoubtfulG1 (129).png,1Doubtful,1,Doubtful
full code\Knee X-ray Images\MedicalExpert-II\MedicalExpert-II\3Moderate\ModerateG3 (58).png,3Moderate,3,Moderate
full code\Knee X-ray Images\MedicalExpert-I\MedicalExpert-I\0Normal\NormalG0 (11).png,0Normal,0,Normal
full code\Knee X-ray Images\MedicalExpert-II\MedicalExpert-II\1Doubtful\DoubtfulG1 (312).png,1Doubtful,1,Doubtful
full code\Knee X-ray Images\MedicalExpert-II\MedicalExpert-II\0Normal\NormalG0 (193).png,0Normal,0,Normal
full code\Knee X-ray Images\MedicalExpert-II\MedicalExpert-II\0Normal\NormalG0 (97).png,0Normal,0,Normal
full code\Knee X-ray Images\MedicalExpert-I\MedicalExpert-I\0Normal\NormalG0 (297).png,0Normal,0,Normal
full code\Knee X-ray Images\MedicalExpert-I\MedicalExpert-I\0Normal\NormalG0 (188).png,0Normal,0,Normal
full code\Knee X-ray Images\MedicalExpert-II\MedicalExpert-II\2Mild\MildG2 (168).png,2Mild,2,Mild
full code\Knee X-ray Images\MedicalExpert-I\MedicalExpert-I\2Mild\MildG2 (70).png,2Mild,2,Mild
full code\Knee X-ray Images\MedicalExpert-II\MedicalExpert-II\0Normal\NormalG0 (172).png,0Normal,0,Normal
full code\Knee X-ray Images\MedicalExpert-II\MedicalExpert-II\0Normal\NormalG0 (109).png,0Normal,0,Normal
full code\Knee X-ray Images\MedicalExpert-I\MedicalExpert-I\1Doubtful\DoubtfulG1 (206).png,1Doubtful,1,Doubtful
full code\Knee X-ray Images\MedicalExpert-I\MedicalExpert-I\1Doubtful\DoubtfulG1 (213).png,1Doubtful,1,Doubtful
full code\Knee X-ray Images\MedicalExpert-I\MedicalExpert-I\1Doubtful\DoubtfulG1 (220).png,1Doubtful,1,Doubtful
full code\Knee X-ray Images\MedicalExpert-II\MedicalExpert-II\2Mild\MildG2 (221).png,2Mild,2,Mild
full code\Knee X-ray Images\MedicalExpert-II\MedicalExpert-II\0Normal\NormalG0 (174).png,0Normal,0,Normal
full code\Knee X-ray Images\MedicalExpert-I\MedicalExpert-I\4Severe\SevereG4 (205).png,4Severe,4,Severe
full code\Knee X-ray Images\MedicalExpert-II\MedicalExpert-II\4Severe\SevereG4 (87).png,4Severe,4,Severe
full code\Knee X-ray Images\MedicalExpert-II\MedicalExpert-II\3Moderate\ModerateG3 (190).png,3Moderate,3,Moderate
full code\Knee X-ray Images\MedicalExpert-I\MedicalExpert-I\1Doubtful\DoubtfulG1 (153).png,1Doubtful,1,Doubtful
full code\Knee X-ray Images\MedicalExpert-I\MedicalExpert-I\1Doubtful\DoubtfulG1 (62).png,1Doubtful,1,Doubtful
full code\Knee X-ray Images\MedicalExpert-II\MedicalExpert-II\0Normal\NormalG0 (49).png,0Normal,0,Normal
full code\Knee X-ray Images\MedicalExpert-I\MedicalExpert-I\2Mild\MildG2 (77).png,2Mild,2,Mild
full code\Knee X-ray Images\MedicalExpert-II\MedicalExpert-II\0Normal\NormalG0 (458).png,0Normal,0,Normal
full code\Knee X-ray Images\MedicalExpert-II\MedicalExpert-II\1Doubtful\DoubtfulG1 (380).png,1Doubtful,1,Doubtful
full code\Knee X-ray Images\MedicalExpert-II\MedicalExpert-II\2Mild\MildG2 (217).png,2Mild,2,Mild
full code\Knee X-ray Images\MedicalExpert-II\MedicalExpert-II\1Doubtful\DoubtfulG1 (225).png,1Doubtful,1,Doubtful
full code\Knee X-ray Images\MedicalExpert-II\MedicalExpert-II\1Doubtful\DoubtfulG1 (170).png,1Doubtful,1,Doubtful
full code\Knee X-ray Images\MedicalExpert-II\MedicalExpert-II\2Mild\MildG2 (123).png,2Mild,2,Mild
full code\Knee X-ray Images\MedicalExpert-I\MedicalExpert-I\1Doubtful\DoubtfulG1 (189).png,1Doubtful,1,Doubtful
full code\Knee X-ray Images\MedicalExpert-I\MedicalExpert-I\1Doubtful\DoubtfulG1 (312).png,1Doubtful,1,Doubtful
full code\Knee X-ray Images\MedicalExpert-II\MedicalExpert-II\1Doubtful\DoubtfulG1 (409).png,1Doubtful,1,Doubtful
full code\Knee X-ray Images\MedicalExpert-I\MedicalExpert-I\0Normal\NormalG0 (93).png,0Normal,0,Normal
full code\Knee X-ray Images\MedicalExpert-I\MedicalExpert-I\4Severe\SevereG4 (201).png,4Severe,4,Severe
full code\Knee X-ray Images\MedicalExpert-II\MedicalExpert-II\2Mild\MildG2 (68).png,2Mild,2,Mild
full code\Knee X-ray Images\MedicalExpert-II\MedicalExpert-II\4Severe\SevereG4 (130).png,4Severe,4,Severe
full code\Knee X-ray Images\MedicalExpert-II\MedicalExpert-II\1Doubtful\DoubtfulG1 (397).png,1Doubtful,1,Doubtful
full code\Knee X-ray Images\MedicalExpert-II\MedicalExpert-II\0Normal\NormalG0 (90).png,0Normal,0,Normal
full code\Knee X-ray Images\MedicalExpert-I\MedicalExpert-I\2Mild\MildG2 (59).png,2Mild,2,Mild
full code\Knee X-ray Images\MedicalExpert-I\MedicalExpert-I\1Doubtful\DoubtfulG1 (271).png,1Doubtful,1,Doubtful
full code\Knee X-ray Images\MedicalExpert-II\MedicalExpert-II\1Doubtful\DoubtfulG1 (243).png,1Doubtful,1,Doubtful
full code\Knee X-ray Images\MedicalExpert-II\MedicalExpert-II\0Normal\NormalG0 (372).png,0Normal,0,Normal
full code\Knee X-ray Images\MedicalExpert-II\MedicalExpert-II\0Normal\NormalG0 (165).png,0Normal,0,Normal
full code\Knee X-ray Images\MedicalExpert-II\MedicalExpert-II\1Doubtful\DoubtfulG1 (445).png,1Doubtful,1,Doubtful
full code\Knee X-ray Images\MedicalExpert-I\MedicalExpert-I\1Doubtful\DoubtfulG1 (279).png,1Doubtful,1,Doubtful
full code\Knee X-ray Images\MedicalExpert-II\MedicalExpert-II\0Normal\NormalG0 (217).png,0Normal,0,Normal
full code\Knee X-ray Images\MedicalExpert-I\MedicalExpert-I\3Moderate\ModerateG3 (165).png,3Moderate,3,Moderate
full code\Knee X-ray Images\MedicalExpert-I\MedicalExpert-I\0Normal\NormalG0 (51).png,0Normal,0,Normal
full code\Knee X-ray Images\MedicalExpert-II\MedicalExpert-II\1Doubtful\DoubtfulG1 (287).png,1Doubtful,1,Doubtful
full code\Knee X-ray Images\MedicalExpert-I\MedicalExpert-I\1Doubtful\DoubtfulG1 (170).png,1Doubtful,1,Doubtful
full code\Knee X-ray Images\MedicalExpert-II\MedicalExpert-II\0Normal\NormalG0 (450).png,0Normal,0,Normal
full code\Knee X-ray Images\MedicalExpert-I\MedicalExpert-I\0Normal\NormalG0 (273).png,0Normal,0,Normal
full code\Knee X-ray Images\MedicalExpert-II\MedicalExpert-II\0Normal\NormalG0 (345).png,0Normal,0,Normal
full code\Knee X-ray Images\MedicalExpert-I\MedicalExpert-I\2Mild\MildG2 (155).png,2Mild,2,Mild
full code\Knee X-ray Images\MedicalExpert-II\MedicalExpert-II\0Normal\NormalG0 (100).png,0Normal,0,Normal
full code\Knee X-ray Images\MedicalExpert-I\MedicalExpert-I\1Doubtful\DoubtfulG1 (272).png,1Doubtful,1,Doubtful
full code\Knee X-ray Images\MedicalExpert-I\MedicalExpert-I\0Normal\NormalG0 (395).png,0Normal,0,Normal
full code\Knee X-ray Images\MedicalExpert-I\MedicalExpert-I\0Normal\NormalG0 (396).png,0Normal,0,Normal
full code\Knee X-ray Images\MedicalExpert-II\MedicalExpert-II\0Normal\NormalG0 (328).png,0Normal,0,Normal
full code\Knee X-ray Images\MedicalExpert-II\MedicalExpert-II\0Normal\NormalG0 (287).png,0Normal,0,Normal
full code\Knee X-ray Images\MedicalExpert-II\MedicalExpert-II\3Moderate\ModerateG3 (217).png,3Moderate,3,Moderate
full code\Knee X-ray Images\MedicalExpert-II\MedicalExpert-II\3Moderate\ModerateG3 (45).png,3Moderate,3,Moderate
full code\Knee X-ray Images\MedicalExpert-I\MedicalExpert-I\0Normal\NormalG0 (186).png,0Normal,0,Normal
full code\Knee X-ray Images\MedicalExpert-II\MedicalExpert-II\1Doubtful\DoubtfulG1 (333).png,1Doubtful,1,Doubtful
full code\Knee X-ray Images\MedicalExpert-I\MedicalExpert-I\0Normal\NormalG0 (260).png,0Normal,0,Normal
full code\Knee X-ray Images\MedicalExpert-I\MedicalExpert-I\2Mild\MildG2 (220).png,2Mild,2,Mild
full code\Knee X-ray Images\MedicalExpert-II\MedicalExpert-II\4Severe\SevereG4 (6).png,4Severe,4,Severe
full code\Knee X-ray Images\MedicalExpert-I\MedicalExpert-I\0Normal\NormalG0 (127).png,0Normal,0,Normal
full code\Knee X-ray Images\MedicalExpert-I\MedicalExpert-I\1Doubtful\DoubtfulG1 (352).png,1Doubtful,1,Doubtful
full code\Knee X-ray Images\MedicalExpert-I\MedicalExpert-I\2Mild\MildG2 (12).png,2Mild,2,Mild
full code\Knee X-ray Images\MedicalExpert-I\MedicalExpert-I\1Doubtful\DoubtfulG1 (253).png,1Doubtful,1,Doubtful
full code\Knee X-ray Images\MedicalExpert-II\MedicalExpert-II\0Normal\NormalG0 (245).png,0Normal,0,Normal
full code\Knee X-ray Images\MedicalExpert-II\MedicalExpert-II\1Doubtful\DoubtfulG1 (316).png,1Doubtful,1,Doubtful
full code\Knee X-ray Images\MedicalExpert-I\MedicalExpert-I\1Doubtful\DoubtfulG1 (296).png,1Doubtful,1,Doubtful
full code\Knee X-ray Images\MedicalExpert-I\MedicalExpert-I\0Normal\NormalG0 (264).png,0Normal,0,Normal
full code\Knee X-ray Images\MedicalExpert-I\MedicalExpert-I\1Doubtful\DoubtfulG1 (348).png,1Doubtful,1,Doubtful
full code\Knee X-ray Images\MedicalExpert-II\MedicalExpert-II\1Doubtful\DoubtfulG1 (126).png,1Doubtful,1,Doubtful
full code\Knee X-ray Images\MedicalExpert-II\MedicalExpert-II\2Mild\MildG2 (25).png,2Mild,2,Mild
full code\Knee X-ray Images\MedicalExpert-II\MedicalExpert-II\1Doubtful\DoubtfulG1 (279).png,1Doubtful,1,Doubtful
full code\Knee X-ray Images\MedicalExpert-II\MedicalExpert-II\3Moderate\ModerateG3 (204).png,3Moderate,3,Moderate
full code\Knee X-ray Images\MedicalExpert-I\MedicalExpert-I\0Normal\NormalG0 (393).png,0Normal,0,Normal
full code\Knee X-ray Images\MedicalExpert-I\MedicalExpert-I\3Moderate\ModerateG3 (135).png,3Moderate,3,Moderate
full code\Knee X-ray Images\MedicalExpert-I\MedicalExpert-I\2Mild\MildG2 (224).png,2Mild,2,Mild
full code\Knee X-ray Images\MedicalExpert-II\MedicalExpert-II\4Severe\SevereG4 (7).png,4Severe,4,Severe
full code\Knee X-ray Images\MedicalExpert-I\MedicalExpert-I\2Mild\MildG2 (184).png,2Mild,2,Mild
full code\Knee X-ray Images\MedicalExpert-I\MedicalExpert-I\0Normal\NormalG0 (504).png,0Normal,0,Normal
full code\Knee X-ray Images\MedicalExpert-II\MedicalExpert-II\1Doubtful\DoubtfulG1 (205).png,1Doubtful,1,Doubtful
full code\Knee X-ray Images\MedicalExpert-II\MedicalExpert-II\1Doubtful\DoubtfulG1 (97).png,1Doubtful,1,Doubtful
full code\Knee X-ray Images\MedicalExpert-II\MedicalExpert-II\1Doubtful\DoubtfulG1 (394).png,1Doubtful,1,Doubtful
full code\Knee X-ray Images\MedicalExpert-II\MedicalExpert-II\2Mild\MildG2 (63).png,2Mild,2,Mild
full code\Knee X-ray Images\MedicalExpert-I\MedicalExpert-I\2Mild\MildG2 (213).png,2Mild,2,Mild
full code\Knee X-ray Images\MedicalExpert-II\MedicalExpert-II\3Moderate\ModerateG3 (97).png,3Moderate,3,Moderate
full code\Knee X-ray Images\MedicalExpert-II\MedicalExpert-II\3Moderate\ModerateG3 (10).png,3Moderate,3,Moderate
full code\Knee X-ray Images\MedicalExpert-I\MedicalExpert-I\1Doubtful\DoubtfulG1 (432).png,1Doubtful,1,Doubtful
full code\Knee X-ray Images\MedicalExpert-II\MedicalExpert-II\1Doubtful\DoubtfulG1 (49).png,1Doubtful,1,Doubtful
full code\Knee X-ray Images\MedicalExpert-II\MedicalExpert-II\4Severe\SevereG4 (177).png,4Severe,4,Severe
full code\Knee X-ray Images\MedicalExpert-II\MedicalExpert-II\0Normal\NormalG0 (353).png,0Normal,0,Normal
full code\Knee X-ray Images\MedicalExpert-II\MedicalExpert-II\2Mild\MildG2 (110).png,2Mild,2,Mild
full code\Knee X-ray Images\MedicalExpert-I\MedicalExpert-I\1Doubtful\DoubtfulG1 (135).png,1Doubtful,1,Doubtful
full code\Knee X-ray Images\MedicalExpert-I\MedicalExpert-I\0Normal\NormalG0 (173).png,0Normal,0,Normal
full code\Knee X-ray Images\MedicalExpert-I\MedicalExpert-I\1Doubtful\DoubtfulG1 (407).png,1Doubtful,1,Doubtful
full code\Knee X-ray Images\MedicalExpert-I\MedicalExpert-I\2Mild\MildG2 (83).png,2Mild,2,Mild
full code\Knee X-ray Images\MedicalExpert-II\MedicalExpert-II\2Mild\MildG2 (37).png,2Mild,2,Mild
full code\Knee X-ray Images\MedicalExpert-I\MedicalExpert-I\0Normal\NormalG0 (203).png,0Normal,0,Normal
full code\Knee X-ray Images\MedicalExpert-I\MedicalExpert-I\3Moderate\ModerateG3 (177).png,3Moderate,3,Moderate
full code\Knee X-ray Images\MedicalExpert-I\MedicalExpert-I\1Doubtful\DoubtfulG1 (50).png,1Doubtful,1,Doubtful
full code\Knee X-ray Images\MedicalExpert-I\MedicalExpert-I\4Severe\SevereG4 (96).png,4Severe,4,Severe
full code\Knee X-ray Images\MedicalExpert-I\MedicalExpert-I\0Normal\NormalG0 (21).png,0Normal,0,Normal
full code\Knee X-ray Images\MedicalExpert-II\MedicalExpert-II\0Normal\NormalG0 (510).png,0Normal,0,Normal
full code\Knee X-ray Images\MedicalExpert-II\MedicalExpert-II\3Moderate\ModerateG3 (33).png,3Moderate,3,Moderate
full code\Knee X-ray Images\MedicalExpert-I\MedicalExpert-I\1Doubtful\DoubtfulG1 (103).png,1Doubtful,1,Doubtful
full code\Knee X-ray Images\MedicalExpert-I\MedicalExpert-I\0Normal\NormalG0 (3).png,0Normal,0,Normal
full code\Knee X-ray Images\MedicalExpert-II\MedicalExpert-II\4Severe\SevereG4 (123).png,4Severe,4,Severe
full code\Knee X-ray Images\MedicalExpert-I\MedicalExpert-I\2Mild\MildG2 (17).png,2Mild,2,Mild
full code\Knee X-ray Images\MedicalExpert-I\MedicalExpert-I\4Severe\SevereG4 (185).png,4Severe,4,Severe
full code\Knee X-ray Images\MedicalExpert-I\MedicalExpert-I\3Moderate\ModerateG3 (115).png,3Moderate,3,Moderate
full code\Knee X-ray Images\MedicalExpert-I\MedicalExpert-I\3Moderate\ModerateG3 (188).png,3Moderate,3,Moderate
full code\Knee X-ray Images\MedicalExpert-II\MedicalExpert-II\4Severe\SevereG4 (157).png,4Severe,4,Severe
full code\Knee X-ray Images\MedicalExpert-II\MedicalExpert-II\0Normal\NormalG0 (411).png,0Normal,0,Normal
full code\Knee X-ray Images\MedicalExpert-II\MedicalExpert-II\2Mild\MildG2 (180).png,2Mild,2,Mild
full code\Knee X-ray Images\MedicalExpert-II\MedicalExpert-II\0Normal\NormalG0 (365).png,0Normal,0,Normal
full code\Knee X-ray Images\MedicalExpert-I\MedicalExpert-I\0Normal\NormalG0 (184).png,0Normal,0,Normal
full code\Knee X-ray Images\MedicalExpert-I\MedicalExpert-I\2Mild\MildG2 (210).png,2Mild,2,Mild
full code\Knee X-ray Images\MedicalExpert-II\MedicalExpert-II\1Doubtful\DoubtfulG1 (38).png,1Doubtful,1,Doubtful
full code\Knee X-ray Images\MedicalExpert-I\MedicalExpert-I\1Doubtful\DoubtfulG1 (132).png,1Doubtful,1,Doubtful
full code\Knee X-ray Images\MedicalExpert-I\MedicalExpert-I\2Mild\MildG2 (15).png,2Mild,2,Mild
full code\Knee X-ray Images\MedicalExpert-I\MedicalExpert-I\3Moderate\ModerateG3 (211).png,3Moderate,3,Moderate
full code\Knee X-ray Images\MedicalExpert-II\MedicalExpert-II\1Doubtful\DoubtfulG1 (64).png,1Doubtful,1,Doubtful
full code\Knee X-ray Images\MedicalExpert-I\MedicalExpert-I\1Doubtful\DoubtfulG1 (117).png,1Doubtful,1,Doubtful
full code\Knee X-ray Images\MedicalExpert-I\MedicalExpert-I\2Mild\MildG2 (161).png,2Mild,2,Mild
full code\Knee X-ray Images\MedicalExpert-II\MedicalExpert-II\4Severe\SevereG4 (40).png,4Severe,4,Severe
full code\Knee X-ray Images\MedicalExpert-II\MedicalExpert-II\4Severe\SevereG4 (92).png,4Severe,4,Severe
full code\Knee X-ray Images\MedicalExpert-I\MedicalExpert-I\0Normal\NormalG0 (112).png,0Normal,0,Normal
full code\Knee X-ray Images\MedicalExpert-II\MedicalExpert-II\3Moderate\ModerateG3 (132).png,3Moderate,3,Moderate
full code\Knee X-ray Images\MedicalExpert-I\MedicalExpert-I\0Normal\NormalG0 (398).png,0Normal,0,Normal
full code\Knee X-ray Images\MedicalExpert-II\MedicalExpert-II\2Mild\MildG2 (147).png,2Mild,2,Mild
full code\Knee X-ray Images\MedicalExpert-II\MedicalExpert-II\1Doubtful\DoubtfulG1 (406).png,1Doubtful,1,Doubtful
full code\Knee X-ray Images\MedicalExpert-I\MedicalExpert-I\1Doubtful\DoubtfulG1 (218).png,1Doubtful,1,Doubtful
full code\Knee X-ray Images\MedicalExpert-II\MedicalExpert-II\1Doubtful\DoubtfulG1 (362).png,1Doubtful,1,Doubtful
full code\Knee X-ray Images\MedicalExpert-I\MedicalExpert-I\0Normal\NormalG0 (413).png,0Normal,0,Normal
full code\Knee X-ray Images\MedicalExpert-II\MedicalExpert-II\3Moderate\ModerateG3 (110).png,3Moderate,3,Moderate
full code\Knee X-ray Images\MedicalExpert-I\MedicalExpert-I\2Mild\MildG2 (31).png,2Mild,2,Mild
full code\Knee X-ray Images\MedicalExpert-II\MedicalExpert-II\1Doubtful\DoubtfulG1 (111).png,1Doubtful,1,Doubtful
full code\Knee X-ray Images\MedicalExpert-I\MedicalExpert-I\0Normal\NormalG0 (412).png,0Normal,0,Normal
full code\Knee X-ray Images\MedicalExpert-I\MedicalExpert-I\1Doubtful\DoubtfulG1 (154).png,1Doubtful,1,Doubtful
full code\Knee X-ray Images\MedicalExpert-I\MedicalExpert-I\2Mild\MildG2 (36).png,2Mild,2,Mild
full code\Knee X-ray Images\MedicalExpert-II\MedicalExpert-II\2Mild\MildG2 (8).png,2Mild,2,Mild
full code\Knee X-ray Images\MedicalExpert-I\MedicalExpert-I\1Doubtful\DoubtfulG1 (330).png,1Doubtful,1,Doubtful
full code\Knee X-ray Images\MedicalExpert-I\MedicalExpert-I\0Normal\NormalG0 (159).png,0Normal,0,Normal
full code\Knee X-ray Images\MedicalExpert-I\MedicalExpert-I\0Normal\NormalG0 (226).png,0Normal,0,Normal
full code\Knee X-ray Images\MedicalExpert-II\MedicalExpert-II\3Moderate\ModerateG3 (187).png,3Moderate,3,Moderate
full code\Knee X-ray Images\MedicalExpert-II\MedicalExpert-II\3Moderate\ModerateG3 (3).png,3Moderate,3,Moderate
full code\Knee X-ray Images\MedicalExpert-II\MedicalExpert-II\2Mild\MildG2 (177).png,2Mild,2,Mild
full code\Knee X-ray Images\MedicalExpert-I\MedicalExpert-I\1Doubtful\DoubtfulG1 (329).png,1Doubtful,1,Doubtful
full code\Knee X-ray Images\MedicalExpert-II\MedicalExpert-II\0Normal\NormalG0 (153).png,0Normal,0,Normal
full code\Knee X-ray Images\MedicalExpert-II\MedicalExpert-II\1Doubtful\DoubtfulG1 (174).png,1Doubtful,1,Doubtful
full code\Knee X-ray Images\MedicalExpert-II\MedicalExpert-II\1Doubtful\DoubtfulG1 (213).png,1Doubtful,1,Doubtful
full code\Knee X-ray Images\MedicalExpert-I\MedicalExpert-I\3Moderate\ModerateG3 (101).png,3Moderate,3,Moderate
full code\Knee X-ray Images\MedicalExpert-I\MedicalExpert-I\0Normal\NormalG0 (200).png,0Normal,0,Normal
full code\Knee X-ray Images\MedicalExpert-I\MedicalExpert-I\4Severe\SevereG4 (172).png,4Severe,4,Severe
full code\Knee X-ray Images\MedicalExpert-I\MedicalExpert-I\1Doubtful\DoubtfulG1 (297).png,1Doubtful,1,Doubtful
full code\Knee X-ray Images\MedicalExpert-II\MedicalExpert-II\0Normal\NormalG0 (413).png,0Normal,0,Normal
full code\Knee X-ray Images\MedicalExpert-II\MedicalExpert-II\3Moderate\ModerateG3 (137).png,3Moderate,3,Moderate
full code\Knee X-ray Images\MedicalExpert-I\MedicalExpert-I\4Severe\SevereG4 (155).png,4Severe,4,Severe
full code\Knee X-ray Images\MedicalExpert-II\MedicalExpert-II\1Doubtful\DoubtfulG1 (403).png,1Doubtful,1,Doubtful
full code\Knee X-ray Images\MedicalExpert-I\MedicalExpert-I\0Normal\NormalG0 (368).png,0Normal,0,Normal
full code\Knee X-ray Images\MedicalExpert-I\MedicalExpert-I\0Normal\NormalG0 (308).png,0Normal,0,Normal
full code\Knee X-ray Images\MedicalExpert-II\MedicalExpert-II\4Severe\SevereG4 (16).png,4Severe,4,Severe
full code\Knee X-ray Images\MedicalExpert-II\MedicalExpert-II\0Normal\NormalG0 (306).png,0Normal,0,Normal
full code\Knee X-ray Images\MedicalExpert-II\MedicalExpert-II\1Doubtful\DoubtfulG1 (197).png,1Doubtful,1,Doubtful
full code\Knee X-ray Images\MedicalExpert-II\MedicalExpert-II\1Doubtful\DoubtfulG1 (317).png,1Doubtful,1,Doubtful
full code\Knee X-ray Images\MedicalExpert-I\MedicalExpert-I\1Doubtful\DoubtfulG1 (328).png,1Doubtful,1,Doubtful
full code\Knee X-ray Images\MedicalExpert-II\MedicalExpert-II\0Normal\NormalG0 (355).png,0Normal,0,Normal
full code\Knee X-ray Images\MedicalExpert-II\MedicalExpert-II\2Mild\MildG2 (21).png,2Mild,2,Mild
full code\Knee X-ray Images\MedicalExpert-I\MedicalExpert-I\0Normal\NormalG0 (462).png,0Normal,0,Normal
full code\Knee X-ray Images\MedicalExpert-I\MedicalExpert-I\1Doubtful\DoubtfulG1 (74).png,1Doubtful,1,Doubtful
full code\Knee X-ray Images\MedicalExpert-I\MedicalExpert-I\4Severe\SevereG4 (50).png,4Severe,4,Severe
full code\Knee X-ray Images\MedicalExpert-I\MedicalExpert-I\2Mild\MildG2 (124).png,2Mild,2,Mild
full code\Knee X-ray Images\MedicalExpert-II\MedicalExpert-II\0Normal\NormalG0 (129).png,0Normal,0,Normal
full code\Knee X-ray Images\MedicalExpert-I\MedicalExpert-I\0Normal\NormalG0 (1).png,0Normal,0,Normal
full code\Knee X-ray Images\MedicalExpert-II\MedicalExpert-II\1Doubtful\DoubtfulG1 (390).png,1Doubtful,1,Doubtful
full code\Knee X-ray Images\MedicalExpert-II\MedicalExpert-II\0Normal\NormalG0 (159).png,0Normal,0,Normal
full code\Knee X-ray Images\MedicalExpert-II\MedicalExpert-II\0Normal\NormalG0 (342).png,0Normal,0,Normal
full code\Knee X-ray Images\MedicalExpert-I\MedicalExpert-I\0Normal\NormalG0 (301).png,0Normal,0,Normal
full code\Knee X-ray Images\MedicalExpert-I\MedicalExpert-I\1Doubtful\DoubtfulG1 (384).png,1Doubtful,1,Doubtful
full code\Knee X-ray Images\MedicalExpert-I\MedicalExpert-I\0Normal\NormalG0 (385).png,0Normal,0,Normal
full code\Knee X-ray Images\MedicalExpert-I\MedicalExpert-I\4Severe\SevereG4 (23).png,4Severe,4,Severe
full code\Knee X-ray Images\MedicalExpert-I\MedicalExpert-I\1Doubtful\DoubtfulG1 (291).png,1Doubtful,1,Doubtful
full code\Knee X-ray Images\MedicalExpert-I\MedicalExpert-I\3Moderate\ModerateG3 (52).png,3Moderate,3,Moderate
full code\Knee X-ray Images\MedicalExpert-I\MedicalExpert-I\0Normal\NormalG0 (380).png,0Normal,0,Normal
full code\Knee X-ray Images\MedicalExpert-II\MedicalExpert-II\0Normal\NormalG0 (198).png,0Normal,0,Normal
full code\Knee X-ray Images\MedicalExpert-I\MedicalExpert-I\0Normal\NormalG0 (406).png,0Normal,0,Normal
full code\Knee X-ray Images\MedicalExpert-II\MedicalExpert-II\1Doubtful\DoubtfulG1 (379).png,1Doubtful,1,Doubtful
full code\Knee X-ray Images\MedicalExpert-I\MedicalExpert-I\1Doubtful\DoubtfulG1 (33).png,1Doubtful,1,Doubtful
full code\Knee X-ray Images\MedicalExpert-I\MedicalExpert-I\4Severe\SevereG4 (77).png,4Severe,4,Severe
full code\Knee X-ray Images\MedicalExpert-II\MedicalExpert-II\4Severe\SevereG4 (144).png,4Severe,4,Severe
full code\Knee X-ray Images\MedicalExpert-II\MedicalExpert-II\0Normal\NormalG0 (265).png,0Normal,0,Normal
full code\Knee X-ray Images\MedicalExpert-II\MedicalExpert-II\2Mild\MildG2 (223).png,2Mild,2,Mild
full code\Knee X-ray Images\MedicalExpert-II\MedicalExpert-II\1Doubtful\DoubtfulG1 (36).png,1Doubtful,1,Doubtful
full code\Knee X-ray Images\MedicalExpert-I\MedicalExpert-I\1Doubtful\DoubtfulG1 (470).png,1Doubtful,1,Doubtful
full code\Knee X-ray Images\MedicalExpert-I\MedicalExpert-I\1Doubtful\DoubtfulG1 (454).png,1Doubtful,1,Doubtful
full code\Knee X-ray Images\MedicalExpert-I\MedicalExpert-I\2Mild\MildG2 (94).png,2Mild,2,Mild
full code\Knee X-ray Images\MedicalExpert-II\MedicalExpert-II\0Normal\NormalG0 (85).png,0Normal,0,Normal
full code\Knee X-ray Images\MedicalExpert-II\MedicalExpert-II\0Normal\NormalG0 (213).png,0Normal,0,Normal
full code\Knee X-ray Images\MedicalExpert-I\MedicalExpert-I\3Moderate\ModerateG3 (144).png,3Moderate,3,Moderate
full code\Knee X-ray Images\MedicalExpert-I\MedicalExpert-I\1Doubtful\DoubtfulG1 (289).png,1Doubtful,1,Doubtful
full code\Knee X-ray Images\MedicalExpert-I\MedicalExpert-I\3Moderate\ModerateG3 (180).png,3Moderate,3,Moderate
full code\Knee X-ray Images\MedicalExpert-I\MedicalExpert-I\0Normal\NormalG0 (120).png,0Normal,0,Normal
full code\Knee X-ray Images\MedicalExpert-II\MedicalExpert-II\3Moderate\ModerateG3 (212).png,3Moderate,3,Moderate
full code\Knee X-ray Images\MedicalExpert-I\MedicalExpert-I\4Severe\SevereG4 (138).png,4Severe,4,Severe
full code\Knee X-ray Images\MedicalExpert-II\MedicalExpert-II\0Normal\NormalG0 (333).png,0Normal,0,Normal
full code\Knee X-ray Images\MedicalExpert-II\MedicalExpert-II\1Doubtful\DoubtfulG1 (20).png,1Doubtful,1,Doubtful
full code\Knee X-ray Images\MedicalExpert-II\MedicalExpert-II\1Doubtful\DoubtfulG1 (166).png,1Doubtful,1,Doubtful
full code\Knee X-ray Images\MedicalExpert-I\MedicalExpert-I\1Doubtful\DoubtfulG1 (120).png,1Doubtful,1,Doubtful
full code\Knee X-ray Images\MedicalExpert-I\MedicalExpert-I\1Doubtful\DoubtfulG1 (8).png,1Doubtful,1,Doubtful
full code\Knee X-ray Images\MedicalExpert-II\MedicalExpert-II\4Severe\SevereG4 (90).png,4Severe,4,Severe
full code\Knee X-ray Images\MedicalExpert-I\MedicalExpert-I\1Doubtful\DoubtfulG1 (59).png,1Doubtful,1,Doubtful
full code\Knee X-ray Images\MedicalExpert-I\MedicalExpert-I\0Normal\NormalG0 (17).png,0Normal,0,Normal
full code\Knee X-ray Images\MedicalExpert-I\MedicalExpert-I\2Mild\MildG2 (25).png,2Mild,2,Mild
full code\Knee X-ray Images\MedicalExpert-I\MedicalExpert-I\1Doubtful\DoubtfulG1 (458).png,1Doubtful,1,Doubtful
full code\Knee X-ray Images\MedicalExpert-I\MedicalExpert-I\1Doubtful\DoubtfulG1 (13).png,1Doubtful,1,Doubtful
full code\Knee X-ray Images\MedicalExpert-II\MedicalExpert-II\2Mild\MildG2 (45).png,2Mild,2,Mild
full code\Knee X-ray Images\MedicalExpert-II\MedicalExpert-II\0Normal\NormalG0 (247).png,0Normal,0,Normal
full code\Knee X-ray Images\MedicalExpert-II\MedicalExpert-II\4Severe\SevereG4 (141).png,4Severe,4,Severe
full code\Knee X-ray Images\MedicalExpert-I\MedicalExpert-I\2Mild\MildG2 (175).png,2Mild,2,Mild
full code\Knee X-ray Images\MedicalExpert-II\MedicalExpert-II\0Normal\NormalG0 (205).png,0Normal,0,Normal
full code\Knee X-ray Images\MedicalExpert-I\MedicalExpert-I\0Normal\NormalG0 (36).png,0Normal,0,Normal
full code\Knee X-ray Images\MedicalExpert-II\MedicalExpert-II\0Normal\NormalG0 (224).png,0Normal,0,Normal
full code\Knee X-ray Images\MedicalExpert-I\MedicalExpert-I\3Moderate\ModerateG3 (93).png,3Moderate,3,Moderate
full code\Knee X-ray Images\MedicalExpert-I\MedicalExpert-I\0Normal\NormalG0 (468).png,0Normal,0,Normal
full code\Knee X-ray Images\MedicalExpert-I\MedicalExpert-I\3Moderate\ModerateG3 (166).png,3Moderate,3,Moderate
full code\Knee X-ray Images\MedicalExpert-I\MedicalExpert-I\3Moderate\ModerateG3 (183).png,3Moderate,3,Moderate
full code\Knee X-ray Images\MedicalExpert-II\MedicalExpert-II\4Severe\SevereG4 (119).png,4Severe,4,Severe
full code\Knee X-ray Images\MedicalExpert-II\MedicalExpert-II\4Severe\SevereG4 (103).png,4Severe,4,Severe
full code\Knee X-ray Images\MedicalExpert-II\MedicalExpert-II\3Moderate\ModerateG3 (20).png,3Moderate,3,Moderate
full code\Knee X-ray Images\MedicalExpert-II\MedicalExpert-II\4Severe\SevereG4 (196).png,4Severe,4,Severe
full code\Knee X-ray Images\MedicalExpert-II\MedicalExpert-II\3Moderate\ModerateG3 (17).png,3Moderate,3,Moderate
full code\Knee X-ray Images\MedicalExpert-II\MedicalExpert-II\1Doubtful\DoubtfulG1 (254).png,1Doubtful,1,Doubtful
full code\Knee X-ray Images\MedicalExpert-II\MedicalExpert-II\1Doubtful\DoubtfulG1 (300).png,1Doubtful,1,Doubtful
full code\Knee X-ray Images\MedicalExpert-II\MedicalExpert-II\0Normal\NormalG0 (513).png,0Normal,0,Normal
full code\Knee X-ray Images\MedicalExpert-II\MedicalExpert-II\1Doubtful\DoubtfulG1 (8).png,1Doubtful,1,Doubtful
full code\Knee X-ray Images\MedicalExpert-II\MedicalExpert-II\4Severe\SevereG4 (113).png,4Severe,4,Severe
full code\Knee X-ray Images\MedicalExpert-II\MedicalExpert-II\1Doubtful\DoubtfulG1 (302).png,1Doubtful,1,Doubtful
full code\Knee X-ray Images\MedicalExpert-II\MedicalExpert-II\1Doubtful\DoubtfulG1 (426).png,1Doubtful,1,Doubtful
full code\Knee X-ray Images\MedicalExpert-II\MedicalExpert-II\1Doubtful\DoubtfulG1 (148).png,1Doubtful,1,Doubtful
full code\Knee X-ray Images\MedicalExpert-I\MedicalExpert-I\3Moderate\ModerateG3 (25).png,3Moderate,3,Moderate
full code\Knee X-ray Images\MedicalExpert-II\MedicalExpert-II\1Doubtful\DoubtfulG1 (32).png,1Doubtful,1,Doubtful
full code\Knee X-ray Images\MedicalExpert-I\MedicalExpert-I\3Moderate\ModerateG3 (133).png,3Moderate,3,Moderate
full code\Knee X-ray Images\MedicalExpert-I\MedicalExpert-I\1Doubtful\DoubtfulG1 (98).png,1Doubtful,1,Doubtful
full code\Knee X-ray Images\MedicalExpert-II\MedicalExpert-II\2Mild\MildG2 (173).png,2Mild,2,Mild
full code\Knee X-ray Images\MedicalExpert-II\MedicalExpert-II\0Normal\NormalG0 (263).png,0Normal,0,Normal
full code\Knee X-ray Images\MedicalExpert-II\MedicalExpert-II\1Doubtful\DoubtfulG1 (348).png,1Doubtful,1,Doubtful
full code\Knee X-ray Images\MedicalExpert-I\MedicalExpert-I\2Mild\MildG2 (169).png,2Mild,2,Mild
full code\Knee X-ray Images\MedicalExpert-I\MedicalExpert-I\0Normal\NormalG0 (175).png,0Normal,0,Normal
full code\Knee X-ray Images\MedicalExpert-II\MedicalExpert-II\4Severe\SevereG4 (206).png,4Severe,4,Severe
full code\Knee X-ray Images\MedicalExpert-II\MedicalExpert-II\0Normal\NormalG0 (437).png,0Normal,0,Normal
full code\Knee X-ray Images\MedicalExpert-II\MedicalExpert-II\1Doubtful\DoubtfulG1 (150).png,1Doubtful,1,Doubtful
full code\Knee X-ray Images\MedicalExpert-I\MedicalExpert-I\2Mild\MildG2 (148).png,2Mild,2,Mild
full code\Knee X-ray Images\MedicalExpert-I\MedicalExpert-I\0Normal\NormalG0 (254).png,0Normal,0,Normal
full code\Knee X-ray Images\MedicalExpert-I\MedicalExpert-I\1Doubtful\DoubtfulG1 (367).png,1Doubtful,1,Doubtful
full code\Knee X-ray Images\MedicalExpert-II\MedicalExpert-II\1Doubtful\DoubtfulG1 (171).png,1Doubtful,1,Doubtful
full code\Knee X-ray Images\MedicalExpert-II\MedicalExpert-II\1Doubtful\DoubtfulG1 (295).png,1Doubtful,1,Doubtful
full code\Knee X-ray Images\MedicalExpert-I\MedicalExpert-I\2Mild\MildG2 (49).png,2Mild,2,Mild
full code\Knee X-ray Images\MedicalExpert-II\MedicalExpert-II\0Normal\NormalG0 (296).png,0Normal,0,Normal
full code\Knee X-ray Images\MedicalExpert-I\MedicalExpert-I\0Normal\NormalG0 (108).png,0Normal,0,Normal
full code\Knee X-ray Images\MedicalExpert-II\MedicalExpert-II\0Normal\NormalG0 (370).png,0Normal,0,Normal
full code\Knee X-ray Images\MedicalExpert-II\MedicalExpert-II\4Severe\SevereG4 (198).png,4Severe,4,Severe
full code\Knee X-ray Images\MedicalExpert-I\MedicalExpert-I\0Normal\NormalG0 (100).png,0Normal,0,Normal
full code\Knee X-ray Images\MedicalExpert-II\MedicalExpert-II\2Mild\MildG2 (46).png,2Mild,2,Mild
full code\Knee X-ray Images\MedicalExpert-I\MedicalExpert-I\1Doubtful\DoubtfulG1 (409).png,1Doubtful,1,Doubtful
full code\Knee X-ray Images\MedicalExpert-I\MedicalExpert-I\2Mild\MildG2 (55).png,2Mild,2,Mild
full code\Knee X-ray Images\MedicalExpert-I\MedicalExpert-I\4Severe\SevereG4 (43).png,4Severe,4,Severe
full code\Knee X-ray Images\MedicalExpert-II\MedicalExpert-II\1Doubtful\DoubtfulG1 (2).png,1Doubtful,1,Doubtful
full code\Knee X-ray Images\MedicalExpert-II\MedicalExpert-II\4Severe\SevereG4 (205).png,4Severe,4,Severe
full code\Knee X-ray Images\MedicalExpert-I\MedicalExpert-I\0Normal\NormalG0 (390).png,0Normal,0,Normal
full code\Knee X-ray Images\MedicalExpert-II\MedicalExpert-II\1Doubtful\DoubtfulG1 (285).png,1Doubtful,1,Doubtful
full code\Knee X-ray Images\MedicalExpert-II\MedicalExpert-II\1Doubtful\DoubtfulG1 (371).png,1Doubtful,1,Doubtful
full code\Knee X-ray Images\MedicalExpert-I\MedicalExpert-I\4Severe\SevereG4 (173).png,4Severe,4,Severe
full code\Knee X-ray Images\MedicalExpert-I\MedicalExpert-I\0Normal\NormalG0 (213).png,0Normal,0,Normal
full code\Knee X-ray Images\MedicalExpert-I\MedicalExpert-I\1Doubtful\DoubtfulG1 (276).png,1Doubtful,1,Doubtful
full code\Knee X-ray Images\MedicalExpert-I\MedicalExpert-I\2Mild\MildG2 (146).png,2Mild,2,Mild
full code\Knee X-ray Images\MedicalExpert-I\MedicalExpert-I\4Severe\SevereG4 (105).png,4Severe,4,Severe
full code\Knee X-ray Images\MedicalExpert-I\MedicalExpert-I\0Normal\NormalG0 (75).png,0Normal,0,Normal
full code\Knee X-ray Images\MedicalExpert-II\MedicalExpert-II\0Normal\NormalG0 (420).png,0Normal,0,Normal
full code\Knee X-ray Images\MedicalExpert-I\MedicalExpert-I\1Doubtful\DoubtfulG1 (257).png,1Doubtful,1,Doubtful
full code\Knee X-ray Images\MedicalExpert-II\MedicalExpert-II\3Moderate\ModerateG3 (146).png,3Moderate,3,Moderate
full code\Knee X-ray Images\MedicalExpert-II\MedicalExpert-II\1Doubtful\DoubtfulG1 (460).png,1Doubtful,1,Doubtful
full code\Knee X-ray Images\MedicalExpert-I\MedicalExpert-I\1Doubtful\DoubtfulG1 (250).png,1Doubtful,1,Doubtful
full code\Knee X-ray Images\MedicalExpert-II\MedicalExpert-II\4Severe\SevereG4 (101).png,4Severe,4,Severe
full code\Knee X-ray Images\MedicalExpert-II\MedicalExpert-II\1Doubtful\DoubtfulG1 (361).png,1Doubtful,1,Doubtful
full code\Knee X-ray Images\MedicalExpert-II\MedicalExpert-II\3Moderate\ModerateG3 (196).png,3Moderate,3,Moderate
full code\Knee X-ray Images\MedicalExpert-II\MedicalExpert-II\4Severe\SevereG4 (148).png,4Severe,4,Severe
full code\Knee X-ray Images\MedicalExpert-II\MedicalExpert-II\1Doubtful\DoubtfulG1 (101).png,1Doubtful,1,Doubtful
full code\Knee X-ray Images\MedicalExpert-I\MedicalExpert-I\0Normal\NormalG0 (165).png,0Normal,0,Normal
full code\Knee X-ray Images\MedicalExpert-I\MedicalExpert-I\2Mild\MildG2 (142).png,2Mild,2,Mild
full code\Knee X-ray Images\MedicalExpert-II\MedicalExpert-II\0Normal\NormalG0 (443).png,0Normal,0,Normal
full code\Knee X-ray Images\MedicalExpert-II\MedicalExpert-II\1Doubtful\DoubtfulG1 (339).png,1Doubtful,1,Doubtful
full code\Knee X-ray Images\MedicalExpert-I\MedicalExpert-I\3Moderate\ModerateG3 (5).png,3Moderate,3,Moderate
full code\Knee X-ray Images\MedicalExpert-II\MedicalExpert-II\2Mild\MildG2 (84).png,2Mild,2,Mild
full code\Knee X-ray Images\MedicalExpert-II\MedicalExpert-II\1Doubtful\DoubtfulG1 (160).png,1Doubtful,1,Doubtful
full code\Knee X-ray Images\MedicalExpert-II\MedicalExpert-II\0Normal\NormalG0 (110).png,0Normal,0,Normal
full code\Knee X-ray Images\MedicalExpert-I\MedicalExpert-I\0Normal\NormalG0 (46).png,0Normal,0,Normal
full code\Knee X-ray Images\MedicalExpert-II\MedicalExpert-II\2Mild\MildG2 (229).png,2Mild,2,Mild
full code\Knee X-ray Images\MedicalExpert-II\MedicalExpert-II\4Severe\SevereG4 (171).png,4Severe,4,Severe
full code\Knee X-ray Images\MedicalExpert-II\MedicalExpert-II\3Moderate\ModerateG3 (160).png,3Moderate,3,Moderate
full code\Knee X-ray Images\MedicalExpert-II\MedicalExpert-II\0Normal\NormalG0 (403).png,0Normal,0,Normal
full code\Knee X-ray Images\MedicalExpert-II\MedicalExpert-II\1Doubtful\DoubtfulG1 (140).png,1Doubtful,1,Doubtful
full code\Knee X-ray Images\MedicalExpert-II\MedicalExpert-II\3Moderate\ModerateG3 (103).png,3Moderate,3,Moderate
full code\Knee X-ray Images\MedicalExpert-I\MedicalExpert-I\2Mild\MildG2 (45).png,2Mild,2,Mild
full code\Knee X-ray Images\MedicalExpert-II\MedicalExpert-II\4Severe\SevereG4 (135).png,4Severe,4,Severe
full code\Knee X-ray Images\MedicalExpert-I\MedicalExpert-I\0Normal\NormalG0 (39).png,0Normal,0,Normal
full code\Knee X-ray Images\MedicalExpert-II\MedicalExpert-II\3Moderate\ModerateG3 (8).png,3Moderate,3,Moderate
full code\Knee X-ray Images\MedicalExpert-II\MedicalExpert-II\1Doubtful\DoubtfulG1 (22).png,1Doubtful,1,Doubtful
full code\Knee X-ray Images\MedicalExpert-II\MedicalExpert-II\0Normal\NormalG0 (503).png,0Normal,0,Normal
full code\Knee X-ray Images\MedicalExpert-I\MedicalExpert-I\3Moderate\ModerateG3 (92).png,3Moderate,3,Moderate
full code\Knee X-ray Images\MedicalExpert-I\MedicalExpert-I\0Normal\NormalG0 (86).png,0Normal,0,Normal
full code\Knee X-ray Images\MedicalExpert-II\MedicalExpert-II\2Mild\MildG2 (69).png,2Mild,2,Mild
full code\Knee X-ray Images\MedicalExpert-I\MedicalExpert-I\1Doubtful\DoubtfulG1 (381).png,1Doubtful,1,Doubtful
full code\Knee X-ray Images\MedicalExpert-II\MedicalExpert-II\1Doubtful\DoubtfulG1 (191).png,1Doubtful,1,Doubtful
full code\Knee X-ray Images\MedicalExpert-I\MedicalExpert-I\1Doubtful\DoubtfulG1 (43).png,1Doubtful,1,Doubtful
full code\Knee X-ray Images\MedicalExpert-II\MedicalExpert-II\4Severe\SevereG4 (3).png,4Severe,4,Severe
full code\Knee X-ray Images\MedicalExpert-I\MedicalExpert-I\1Doubtful\DoubtfulG1 (63).png,1Doubtful,1,Doubtful
full code\Knee X-ray Images\MedicalExpert-I\MedicalExpert-I\3Moderate\ModerateG3 (81).png,3Moderate,3,Moderate
full code\Knee X-ray Images\MedicalExpert-II\MedicalExpert-II\3Moderate\ModerateG3 (82).png,3Moderate,3,Moderate
full code\Knee X-ray Images\MedicalExpert-II\MedicalExpert-II\1Doubtful\DoubtfulG1 (172).png,1Doubtful,1,Doubtful
full code\Knee X-ray Images\MedicalExpert-I\MedicalExpert-I\1Doubtful\DoubtfulG1 (20).png,1Doubtful,1,Doubtful
full code\Knee X-ray Images\MedicalExpert-II\MedicalExpert-II\0Normal\NormalG0 (334).png,0Normal,0,Normal
full code\Knee X-ray Images\MedicalExpert-I\MedicalExpert-I\0Normal\NormalG0 (415).png,0Normal,0,Normal
full code\Knee X-ray Images\MedicalExpert-I\MedicalExpert-I\1Doubtful\DoubtfulG1 (363).png,1Doubtful,1,Doubtful
full code\Knee X-ray Images\MedicalExpert-I\MedicalExpert-I\4Severe\SevereG4 (161).png,4Severe,4,Severe
full code\Knee X-ray Images\MedicalExpert-II\MedicalExpert-II\3Moderate\ModerateG3 (192).png,3Moderate,3,Moderate
full code\Knee X-ray Images\MedicalExpert-II\MedicalExpert-II\1Doubtful\DoubtfulG1 (360).png,1Doubtful,1,Doubtful
full code\Knee X-ray Images\MedicalExpert-II\MedicalExpert-II\3Moderate\ModerateG3 (7).png,3Moderate,3,Moderate
full code\Knee X-ray Images\MedicalExpert-II\MedicalExpert-II\0Normal\NormalG0 (354).png,0Normal,0,Normal
full code\Knee X-ray Images\MedicalExpert-II\MedicalExpert-II\1Doubtful\DoubtfulG1 (196).png,1Doubtful,1,Doubtful
full code\Knee X-ray Images\MedicalExpert-I\MedicalExpert-I\1Doubtful\DoubtfulG1 (430).png,1Doubtful,1,Doubtful
full code\Knee X-ray Images\MedicalExpert-II\MedicalExpert-II\2Mild\MildG2 (17).png,2Mild,2,Mild
full code\Knee X-ray Images\MedicalExpert-II\MedicalExpert-II\2Mild\MildG2 (55).png,2Mild,2,Mild
full code\Knee X-ray Images\MedicalExpert-I\MedicalExpert-I\0Normal\NormalG0 (399).png,0Normal,0,Normal
full code\Knee X-ray Images\MedicalExpert-II\MedicalExpert-II\1Doubtful\DoubtfulG1 (327).png,1Doubtful,1,Doubtful
full code\Knee X-ray Images\MedicalExpert-I\MedicalExpert-I\2Mild\MildG2 (2).png,2Mild,2,Mild
full code\Knee X-ray Images\MedicalExpert-II\MedicalExpert-II\3Moderate\ModerateG3 (197).png,3Moderate,3,Moderate
full code\Knee X-ray Images\MedicalExpert-I\MedicalExpert-I\1Doubtful\DoubtfulG1 (389).png,1Doubtful,1,Doubtful
full code\Knee X-ray Images\MedicalExpert-I\MedicalExpert-I\0Normal\NormalG0 (257).png,0Normal,0,Normal
full code\Knee X-ray Images\MedicalExpert-II\MedicalExpert-II\0Normal\NormalG0 (456).png,0Normal,0,Normal
full code\Knee X-ray Images\MedicalExpert-II\MedicalExpert-II\2Mild\MildG2 (89).png,2Mild,2,Mild
full code\Knee X-ray Images\MedicalExpert-I\MedicalExpert-I\0Normal\NormalG0 (67).png,0Normal,0,Normal
full code\Knee X-ray Images\MedicalExpert-II\MedicalExpert-II\4Severe\SevereG4 (179).png,4Severe,4,Severe
full code\Knee X-ray Images\MedicalExpert-II\MedicalExpert-II\0Normal\NormalG0 (495).png,0Normal,0,Normal
full code\Knee X-ray Images\MedicalExpert-I\MedicalExpert-I\0Normal\NormalG0 (99).png,0Normal,0,Normal
full code\Knee X-ray Images\MedicalExpert-II\MedicalExpert-II\0Normal\NormalG0 (91).png,0Normal,0,Normal
full code\Knee X-ray Images\MedicalExpert-I\MedicalExpert-I\1Doubtful\DoubtfulG1 (405).png,1Doubtful,1,Doubtful
full code\Knee X-ray Images\MedicalExpert-I\MedicalExpert-I\0Normal\NormalG0 (279).png,0Normal,0,Normal
full code\Knee X-ray Images\MedicalExpert-II\MedicalExpert-II\0Normal\NormalG0 (183).png,0Normal,0,Normal
full code\Knee X-ray Images\MedicalExpert-I\MedicalExpert-I\1Doubtful\DoubtfulG1 (157).png,1Doubtful,1,Doubtful
full code\Knee X-ray Images\MedicalExpert-II\MedicalExpert-II\3Moderate\ModerateG3 (47).png,3Moderate,3,Moderate
full code\Knee X-ray Images\MedicalExpert-II\MedicalExpert-II\1Doubtful\DoubtfulG1 (381).png,1Doubtful,1,Doubtful
full code\Knee X-ray Images\MedicalExpert-I\MedicalExpert-I\1Doubtful\DoubtfulG1 (346).png,1Doubtful,1,Doubtful
full code\Knee X-ray Images\MedicalExpert-II\MedicalExpert-II\0Normal\NormalG0 (170).png,0Normal,0,Normal
full code\Knee X-ray Images\MedicalExpert-II\MedicalExpert-II\4Severe\SevereG4 (23).png,4Severe,4,Severe
full code\Knee X-ray Images\MedicalExpert-II\MedicalExpert-II\0Normal\NormalG0 (79).png,0Normal,0,Normal
full code\Knee X-ray Images\MedicalExpert-II\MedicalExpert-II\1Doubtful\DoubtfulG1 (451).png,1Doubtful,1,Doubtful
full code\Knee X-ray Images\MedicalExpert-I\MedicalExpert-I\0Normal\NormalG0 (97).png,0Normal,0,Normal
full code\Knee X-ray Images\MedicalExpert-II\MedicalExpert-II\0Normal\NormalG0 (469).png,0Normal,0,Normal
full code\Knee X-ray Images\MedicalExpert-I\MedicalExpert-I\0Normal\NormalG0 (180).png,0Normal,0,Normal
full code\Knee X-ray Images\MedicalExpert-II\MedicalExpert-II\1Doubtful\DoubtfulG1 (323).png,1Doubtful,1,Doubtful
full code\Knee X-ray Images\MedicalExpert-II\MedicalExpert-II\1Doubtful\DoubtfulG1 (27).png,1Doubtful,1,Doubtful
full code\Knee X-ray Images\MedicalExpert-II\MedicalExpert-II\0Normal\NormalG0 (102).png,0Normal,0,Normal
full code\Knee X-ray Images\MedicalExpert-I\MedicalExpert-I\0Normal\NormalG0 (495).png,0Normal,0,Normal
full code\Knee X-ray Images\MedicalExpert-I\MedicalExpert-I\0Normal\NormalG0 (315).png,0Normal,0,Normal
full code\Knee X-ray Images\MedicalExpert-II\MedicalExpert-II\1Doubtful\DoubtfulG1 (108).png,1Doubtful,1,Doubtful
full code\Knee X-ray Images\MedicalExpert-I\MedicalExpert-I\0Normal\NormalG0 (327).png,0Normal,0,Normal
full code\Knee X-ray Images\MedicalExpert-II\MedicalExpert-II\1Doubtful\DoubtfulG1 (475).png,1Doubtful,1,Doubtful
full code\Knee X-ray Images\MedicalExpert-I\MedicalExpert-I\0Normal\NormalG0 (102).png,0Normal,0,Normal
full code\Knee X-ray Images\MedicalExpert-II\MedicalExpert-II\1Doubtful\DoubtfulG1 (329).png,1Doubtful,1,Doubtful
full code\Knee X-ray Images\MedicalExpert-II\MedicalExpert-II\1Doubtful\DoubtfulG1 (483).png,1Doubtful,1,Doubtful
full code\Knee X-ray Images\MedicalExpert-II\MedicalExpert-II\0Normal\NormalG0 (299).png,0Normal,0,Normal
full code\Knee X-ray Images\MedicalExpert-II\MedicalExpert-II\0Normal\NormalG0 (382).png,0Normal,0,Normal
full code\Knee X-ray Images\MedicalExpert-II\MedicalExpert-II\1Doubtful\DoubtfulG1 (260).png,1Doubtful,1,Doubtful
full code\Knee X-ray Images\MedicalExpert-II\MedicalExpert-II\0Normal\NormalG0 (51).png,0Normal,0,Normal
full code\Knee X-ray Images\MedicalExpert-I\MedicalExpert-I\1Doubtful\DoubtfulG1 (64).png,1Doubtful,1,Doubtful
full code\Knee X-ray Images\MedicalExpert-II\MedicalExpert-II\0Normal\NormalG0 (26).png,0Normal,0,Normal
full code\Knee X-ray Images\MedicalExpert-I\MedicalExpert-I\4Severe\SevereG4 (46).png,4Severe,4,Severe
full code\Knee X-ray Images\MedicalExpert-I\MedicalExpert-I\0Normal\NormalG0 (80).png,0Normal,0,Normal
full code\Knee X-ray Images\MedicalExpert-II\MedicalExpert-II\3Moderate\ModerateG3 (202).png,3Moderate,3,Moderate
full code\Knee X-ray Images\MedicalExpert-II\MedicalExpert-II\0Normal\NormalG0 (301).png,0Normal,0,Normal
full code\Knee X-ray Images\MedicalExpert-II\MedicalExpert-II\3Moderate\ModerateG3 (151).png,3Moderate,3,Moderate
full code\Knee X-ray Images\MedicalExpert-I\MedicalExpert-I\0Normal\NormalG0 (304).png,0Normal,0,Normal
full code\Knee X-ray Images\MedicalExpert-I\MedicalExpert-I\4Severe\SevereG4 (80).png,4Severe,4,Severe
full code\Knee X-ray Images\MedicalExpert-II\MedicalExpert-II\0Normal\NormalG0 (34).png,0Normal,0,Normal
full code\Knee X-ray Images\MedicalExpert-II\MedicalExpert-II\0Normal\NormalG0 (59).png,0Normal,0,Normal
full code\Knee X-ray Images\MedicalExpert-II\MedicalExpert-II\3Moderate\ModerateG3 (25).png,3Moderate,3,Moderate
full code\Knee X-ray Images\MedicalExpert-II\MedicalExpert-II\0Normal\NormalG0 (303).png,0Normal,0,Normal
full code\Knee X-ray Images\MedicalExpert-II\MedicalExpert-II\1Doubtful\DoubtfulG1 (452).png,1Doubtful,1,Doubtful
full code\Knee X-ray Images\MedicalExpert-II\MedicalExpert-II\0Normal\NormalG0 (305).png,0Normal,0,Normal
full code\Knee X-ray Images\MedicalExpert-II\MedicalExpert-II\1Doubtful\DoubtfulG1 (100).png,1Doubtful,1,Doubtful
full code\Knee X-ray Images\MedicalExpert-I\MedicalExpert-I\0Normal\NormalG0 (105).png,0Normal,0,Normal
full code\Knee X-ray Images\MedicalExpert-I\MedicalExpert-I\1Doubtful\DoubtfulG1 (372).png,1Doubtful,1,Doubtful
full code\Knee X-ray Images\MedicalExpert-II\MedicalExpert-II\1Doubtful\DoubtfulG1 (344).png,1Doubtful,1,Doubtful
full code\Knee X-ray Images\MedicalExpert-I\MedicalExpert-I\4Severe\SevereG4 (162).png,4Severe,4,Severe
full code\Knee X-ray Images\MedicalExpert-I\MedicalExpert-I\0Normal\NormalG0 (9).png,0Normal,0,Normal
full code\Knee X-ray Images\MedicalExpert-II\MedicalExpert-II\0Normal\NormalG0 (68).png,0Normal,0,Normal
full code\Knee X-ray Images\MedicalExpert-II\MedicalExpert-II\0Normal\NormalG0 (408).png,0Normal,0,Normal
full code\Knee X-ray Images\MedicalExpert-I\MedicalExpert-I\2Mild\MildG2 (16).png,2Mild,2,Mild
full code\Knee X-ray Images\MedicalExpert-II\MedicalExpert-II\1Doubtful\DoubtfulG1 (431).png,1Doubtful,1,Doubtful
full code\Knee X-ray Images\MedicalExpert-II\MedicalExpert-II\0Normal\NormalG0 (29).png,0Normal,0,Normal
full code\Knee X-ray Images\MedicalExpert-I\MedicalExpert-I\0Normal\NormalG0 (40).png,0Normal,0,Normal
full code\Knee X-ray Images\MedicalExpert-II\MedicalExpert-II\3Moderate\ModerateG3 (164).png,3Moderate,3,Moderate
full code\Knee X-ray Images\MedicalExpert-I\MedicalExpert-I\0Normal\NormalG0 (488).png,0Normal,0,Normal
full code\Knee X-ray Images\MedicalExpert-I\MedicalExpert-I\0Normal\NormalG0 (373).png,0Normal,0,Normal
full code\Knee X-ray Images\MedicalExpert-I\MedicalExpert-I\4Severe\SevereG4 (59).png,4Severe,4,Severe
full code\Knee X-ray Images\MedicalExpert-I\MedicalExpert-I\0Normal\NormalG0 (335).png,0Normal,0,Normal
full code\Knee X-ray Images\MedicalExpert-II\MedicalExpert-II\4Severe\SevereG4 (191).png,4Severe,4,Severe
full code\Knee X-ray Images\MedicalExpert-II\MedicalExpert-II\3Moderate\ModerateG3 (9).png,3Moderate,3,Moderate
full code\Knee X-ray Images\MedicalExpert-II\MedicalExpert-II\1Doubtful\DoubtfulG1 (93).png,1Doubtful,1,Doubtful
full code\Knee X-ray Images\MedicalExpert-II\MedicalExpert-II\0Normal\NormalG0 (347).png,0Normal,0,Normal
full code\Knee X-ray Images\MedicalExpert-II\MedicalExpert-II\0Normal\NormalG0 (150).png,0Normal,0,Normal
full code\Knee X-ray Images\MedicalExpert-I\MedicalExpert-I\2Mild\MildG2 (222).png,2Mild,2,Mild
full code\Knee X-ray Images\MedicalExpert-II\MedicalExpert-II\1Doubtful\DoubtfulG1 (320).png,1Doubtful,1,Doubtful
full code\Knee X-ray Images\MedicalExpert-I\MedicalExpert-I\2Mild\MildG2 (121).png,2Mild,2,Mild
full code\Knee X-ray Images\MedicalExpert-I\MedicalExpert-I\3Moderate\ModerateG3 (138).png,3Moderate,3,Moderate
full code\Knee X-ray Images\MedicalExpert-I\MedicalExpert-I\3Moderate\ModerateG3 (31).png,3Moderate,3,Moderate
full code\Knee X-ray Images\MedicalExpert-I\MedicalExpert-I\0Normal\NormalG0 (152).png,0Normal,0,Normal
full code\Knee X-ray Images\MedicalExpert-II\MedicalExpert-II\1Doubtful\DoubtfulG1 (7).png,1Doubtful,1,Doubtful
full code\Knee X-ray Images\MedicalExpert-I\MedicalExpert-I\1Doubtful\DoubtfulG1 (95).png,1Doubtful,1,Doubtful
full code\Knee X-ray Images\MedicalExpert-II\MedicalExpert-II\0Normal\NormalG0 (271).png,0Normal,0,Normal
full code\Knee X-ray Images\MedicalExpert-II\MedicalExpert-II\1Doubtful\DoubtfulG1 (68).png,1Doubtful,1,Doubtful
full code\Knee X-ray Images\MedicalExpert-II\MedicalExpert-II\0Normal\NormalG0 (182).png,0Normal,0,Normal
full code\Knee X-ray Images\MedicalExpert-II\MedicalExpert-II\4Severe\SevereG4 (67).png,4Severe,4,Severe
full code\Knee X-ray Images\MedicalExpert-II\MedicalExpert-II\3Moderate\ModerateG3 (208).png,3Moderate,3,Moderate
full code\Knee X-ray Images\MedicalExpert-II\MedicalExpert-II\0Normal\NormalG0 (494).png,0Normal,0,Normal
full code\Knee X-ray Images\MedicalExpert-II\MedicalExpert-II\1Doubtful\DoubtfulG1 (292).png,1Doubtful,1,Doubtful
full code\Knee X-ray Images\MedicalExpert-II\MedicalExpert-II\2Mild\MildG2 (50).png,2Mild,2,Mild
full code\Knee X-ray Images\MedicalExpert-I\MedicalExpert-I\0Normal\NormalG0 (234).png,0Normal,0,Normal
full code\Knee X-ray Images\MedicalExpert-I\MedicalExpert-I\1Doubtful\DoubtfulG1 (88).png,1Doubtful,1,Doubtful
full code\Knee X-ray Images\MedicalExpert-II\MedicalExpert-II\1Doubtful\DoubtfulG1 (369).png,1Doubtful,1,Doubtful
full code\Knee X-ray Images\MedicalExpert-II\MedicalExpert-II\1Doubtful\DoubtfulG1 (289).png,1Doubtful,1,Doubtful
full code\Knee X-ray Images\MedicalExpert-I\MedicalExpert-I\3Moderate\ModerateG3 (220).png,3Moderate,3,Moderate
full code\Knee X-ray Images\MedicalExpert-II\MedicalExpert-II\3Moderate\ModerateG3 (154).png,3Moderate,3,Moderate
full code\Knee X-ray Images\MedicalExpert-II\MedicalExpert-II\1Doubtful\DoubtfulG1 (137).png,1Doubtful,1,Doubtful
full code\Knee X-ray Images\MedicalExpert-I\MedicalExpert-I\0Normal\NormalG0 (349).png,0Normal,0,Normal
full code\Knee X-ray Images\MedicalExpert-II\MedicalExpert-II\0Normal\NormalG0 (300).png,0Normal,0,Normal
full code\Knee X-ray Images\MedicalExpert-I\MedicalExpert-I\0Normal\NormalG0 (461).png,0Normal,0,Normal
full code\Knee X-ray Images\MedicalExpert-II\MedicalExpert-II\0Normal\NormalG0 (502).png,0Normal,0,Normal
full code\Knee X-ray Images\MedicalExpert-II\MedicalExpert-II\0Normal\NormalG0 (237).png,0Normal,0,Normal
full code\Knee X-ray Images\MedicalExpert-II\MedicalExpert-II\3Moderate\ModerateG3 (22).png,3Moderate,3,Moderate
full code\Knee X-ray Images\MedicalExpert-II\MedicalExpert-II\3Moderate\ModerateG3 (194).png,3Moderate,3,Moderate
full code\Knee X-ray Images\MedicalExpert-I\MedicalExpert-I\0Normal\NormalG0 (414).png,0Normal,0,Normal
full code\Knee X-ray Images\MedicalExpert-I\MedicalExpert-I\2Mild\MildG2 (178).png,2Mild,2,Mild
full code\Knee X-ray Images\MedicalExpert-I\MedicalExpert-I\0Normal\NormalG0 (237).png,0Normal,0,Normal
full code\Knee X-ray Images\MedicalExpert-I\MedicalExpert-I\2Mild\MildG2 (92).png,2Mild,2,Mild
full code\Knee X-ray Images\MedicalExpert-I\MedicalExpert-I\4Severe\SevereG4 (92).png,4Severe,4,Severe
full code\Knee X-ray Images\MedicalExpert-II\MedicalExpert-II\4Severe\SevereG4 (109).png,4Severe,4,Severe
full code\Knee X-ray Images\MedicalExpert-II\MedicalExpert-II\1Doubtful\DoubtfulG1 (74).png,1Doubtful,1,Doubtful
full code\Knee X-ray Images\MedicalExpert-I\MedicalExpert-I\1Doubtful\DoubtfulG1 (429).png,1Doubtful,1,Doubtful
full code\Knee X-ray Images\MedicalExpert-I\MedicalExpert-I\1Doubtful\DoubtfulG1 (350).png,1Doubtful,1,Doubtful
full code\Knee X-ray Images\MedicalExpert-I\MedicalExpert-I\2Mild\MildG2 (232).png,2Mild,2,Mild
full code\Knee X-ray Images\MedicalExpert-II\MedicalExpert-II\1Doubtful\DoubtfulG1 (138).png,1Doubtful,1,Doubtful
full code\Knee X-ray Images\MedicalExpert-I\MedicalExpert-I\3Moderate\ModerateG3 (74).png,3Moderate,3,Moderate
full code\Knee X-ray Images\MedicalExpert-II\MedicalExpert-II\1Doubtful\DoubtfulG1 (133).png,1Doubtful,1,Doubtful
full code\Knee X-ray Images\MedicalExpert-II\MedicalExpert-II\2Mild\MildG2 (12).png,2Mild,2,Mild
full code\Knee X-ray Images\MedicalExpert-I\MedicalExpert-I\0Normal\NormalG0 (212).png,0Normal,0,Normal
full code\Knee X-ray Images\MedicalExpert-II\MedicalExpert-II\3Moderate\ModerateG3 (27).png,3Moderate,3,Moderate
full code\Knee X-ray Images\MedicalExpert-II\MedicalExpert-II\2Mild\MildG2 (136).png,2Mild,2,Mild
full code\Knee X-ray Images\MedicalExpert-I\MedicalExpert-I\2Mild\MildG2 (82).png,2Mild,2,Mild
full code\Knee X-ray Images\MedicalExpert-II\MedicalExpert-II\0Normal\NormalG0 (487).png,0Normal,0,Normal
full code\Knee X-ray Images\MedicalExpert-II\MedicalExpert-II\4Severe\SevereG4 (1).png,4Severe,4,Severe
full code\Knee X-ray Images\MedicalExpert-I\MedicalExpert-I\1Doubtful\DoubtfulG1 (40).png,1Doubtful,1,Doubtful
full code\Knee X-ray Images\MedicalExpert-I\MedicalExpert-I\0Normal\NormalG0 (490).png,0Normal,0,Normal
full code\Knee X-ray Images\MedicalExpert-I\MedicalExpert-I\4Severe\SevereG4 (186).png,4Severe,4,Severe
full code\Knee X-ray Images\MedicalExpert-I\MedicalExpert-I\1Doubtful\DoubtfulG1 (167).png,1Doubtful,1,Doubtful
full code\Knee X-ray Images\MedicalExpert-II\MedicalExpert-II\3Moderate\ModerateG3 (138).png,3Moderate,3,Moderate
full code\Knee X-ray Images\MedicalExpert-I\MedicalExpert-I\0Normal\NormalG0 (119).png,0Normal,0,Normal
full code\Knee X-ray Images\MedicalExpert-II\MedicalExpert-II\0Normal\NormalG0 (191).png,0Normal,0,Normal
full code\Knee X-ray Images\MedicalExpert-I\MedicalExpert-I\4Severe\SevereG4 (195).png,4Severe,4,Severe
full code\Knee X-ray Images\MedicalExpert-II\MedicalExpert-II\3Moderate\ModerateG3 (104).png,3Moderate,3,Moderate
full code\Knee X-ray Images\MedicalExpert-I\MedicalExpert-I\1Doubtful\DoubtfulG1 (440).png,1Doubtful,1,Doubtful
full code\Knee X-ray Images\MedicalExpert-II\MedicalExpert-II\3Moderate\ModerateG3 (144).png,3Moderate,3,Moderate
full code\Knee X-ray Images\MedicalExpert-I\MedicalExpert-I\3Moderate\ModerateG3 (150).png,3Moderate,3,Moderate
full code\Knee X-ray Images\MedicalExpert-II\MedicalExpert-II\2Mild\MildG2 (66).png,2Mild,2,Mild
full code\Knee X-ray Images\MedicalExpert-II\MedicalExpert-II\4Severe\SevereG4 (192).png,4Severe,4,Severe
full code\Knee X-ray Images\MedicalExpert-II\MedicalExpert-II\3Moderate\ModerateG3 (209).png,3Moderate,3,Moderate
full code\Knee X-ray Images\MedicalExpert-I\MedicalExpert-I\0Normal\NormalG0 (84).png,0Normal,0,Normal
full code\Knee X-ray Images\MedicalExpert-I\MedicalExpert-I\3Moderate\ModerateG3 (18).png,3Moderate,3,Moderate
full code\Knee X-ray Images\MedicalExpert-II\MedicalExpert-II\3Moderate\ModerateG3 (152).png,3Moderate,3,Moderate
full code\Knee X-ray Images\MedicalExpert-I\MedicalExpert-I\2Mild\MildG2 (152).png,2Mild,2,Mild
full code\Knee X-ray Images\MedicalExpert-II\MedicalExpert-II\1Doubtful\DoubtfulG1 (206).png,1Doubtful,1,Doubtful
full code\Knee X-ray Images\MedicalExpert-I\MedicalExpert-I\4Severe\SevereG4 (139).png,4Severe,4,Severe
full code\Knee X-ray Images\MedicalExpert-II\MedicalExpert-II\1Doubtful\DoubtfulG1 (176).png,1Doubtful,1,Doubtful
full code\Knee X-ray Images\MedicalExpert-I\MedicalExpert-I\1Doubtful\DoubtfulG1 (418).png,1Doubtful,1,Doubtful
full code\Knee X-ray Images\MedicalExpert-II\MedicalExpert-II\0Normal\NormalG0 (13).png,0Normal,0,Normal
full code\Knee X-ray Images\MedicalExpert-I\MedicalExpert-I\1Doubtful\DoubtfulG1 (374).png,1Doubtful,1,Doubtful
full code\Knee X-ray Images\MedicalExpert-II\MedicalExpert-II\2Mild\MildG2 (212).png,2Mild,2,Mild
full code\Knee X-ray Images\MedicalExpert-II\MedicalExpert-II\0Normal\NormalG0 (260).png,0Normal,0,Normal
full code\Knee X-ray Images\MedicalExpert-I\MedicalExpert-I\1Doubtful\DoubtfulG1 (203).png,1Doubtful,1,Doubtful
full code\Knee X-ray Images\MedicalExpert-I\MedicalExpert-I\1Doubtful\DoubtfulG1 (162).png,1Doubtful,1,Doubtful
full code\Knee X-ray Images\MedicalExpert-I\MedicalExpert-I\1Doubtful\DoubtfulG1 (446).png,1Doubtful,1,Doubtful
full code\Knee X-ray Images\MedicalExpert-I\MedicalExpert-I\4Severe\SevereG4 (55).png,4Severe,4,Severe
full code\Knee X-ray Images\MedicalExpert-II\MedicalExpert-II\2Mild\MildG2 (56).png,2Mild,2,Mild
full code\Knee X-ray Images\MedicalExpert-I\MedicalExpert-I\4Severe\SevereG4 (14).png,4Severe,4,Severe
full code\Knee X-ray Images\MedicalExpert-II\MedicalExpert-II\0Normal\NormalG0 (360).png,0Normal,0,Normal
full code\Knee X-ray Images\MedicalExpert-II\MedicalExpert-II\0Normal\NormalG0 (294).png,0Normal,0,Normal
full code\Knee X-ray Images\MedicalExpert-I\MedicalExpert-I\1Doubtful\DoubtfulG1 (378).png,1Doubtful,1,Doubtful
full code\Knee X-ray Images\MedicalExpert-II\MedicalExpert-II\0Normal\NormalG0 (253).png,0Normal,0,Normal
full code\Knee X-ray Images\MedicalExpert-II\MedicalExpert-II\0Normal\NormalG0 (384).png,0Normal,0,Normal
full code\Knee X-ray Images\MedicalExpert-I\MedicalExpert-I\4Severe\SevereG4 (13).png,4Severe,4,Severe
full code\Knee X-ray Images\MedicalExpert-II\MedicalExpert-II\1Doubtful\DoubtfulG1 (59).png,1Doubtful,1,Doubtful
full code\Knee X-ray Images\MedicalExpert-II\MedicalExpert-II\2Mild\MildG2 (109).png,2Mild,2,Mild
full code\Knee X-ray Images\MedicalExpert-II\MedicalExpert-II\1Doubtful\DoubtfulG1 (342).png,1Doubtful,1,Doubtful
full code\Knee X-ray Images\MedicalExpert-I\MedicalExpert-I\0Normal\NormalG0 (272).png,0Normal,0,Normal
full code\Knee X-ray Images\MedicalExpert-I\MedicalExpert-I\2Mild\MildG2 (209).png,2Mild,2,Mild
full code\Knee X-ray Images\MedicalExpert-II\MedicalExpert-II\1Doubtful\DoubtfulG1 (219).png,1Doubtful,1,Doubtful
full code\Knee X-ray Images\MedicalExpert-II\MedicalExpert-II\3Moderate\ModerateG3 (221).png,3Moderate,3,Moderate
full code\Knee X-ray Images\MedicalExpert-II\MedicalExpert-II\0Normal\NormalG0 (436).png,0Normal,0,Normal
full code\Knee X-ray Images\MedicalExpert-I\MedicalExpert-I\1Doubtful\DoubtfulG1 (175).png,1Doubtful,1,Doubtful
full code\Knee X-ray Images\MedicalExpert-II\MedicalExpert-II\0Normal\NormalG0 (169).png,0Normal,0,Normal
full code\Knee X-ray Images\MedicalExpert-II\MedicalExpert-II\1Doubtful\DoubtfulG1 (375).png,1Doubtful,1,Doubtful
full code\Knee X-ray Images\MedicalExpert-I\MedicalExpert-I\4Severe\SevereG4 (178).png,4Severe,4,Severe
full code\Knee X-ray Images\MedicalExpert-I\MedicalExpert-I\0Normal\NormalG0 (114).png,0Normal,0,Normal
full code\Knee X-ray Images\MedicalExpert-I\MedicalExpert-I\4Severe\SevereG4 (174).png,4Severe,4,Severe
full code\Knee X-ray Images\MedicalExpert-I\MedicalExpert-I\0Normal\NormalG0 (363).png,0Normal,0,Normal
full code\Knee X-ray Images\MedicalExpert-I\MedicalExpert-I\2Mild\MildG2 (30).png,2Mild,2,Mild
full code\Knee X-ray Images\MedicalExpert-II\MedicalExpert-II\1Doubtful\DoubtfulG1 (421).png,1Doubtful,1,Doubtful
full code\Knee X-ray Images\MedicalExpert-I\MedicalExpert-I\1Doubtful\DoubtfulG1 (92).png,1Doubtful,1,Doubtful
full code\Knee X-ray Images\MedicalExpert-II\MedicalExpert-II\0Normal\NormalG0 (349).png,0Normal,0,Normal
full code\Knee X-ray Images\MedicalExpert-I\MedicalExpert-I\0Normal\NormalG0 (422).png,0Normal,0,Normal
full code\Knee X-ray Images\MedicalExpert-I\MedicalExpert-I\1Doubtful\DoubtfulG1 (285).png,1Doubtful,1,Doubtful
full code\Knee X-ray Images\MedicalExpert-I\MedicalExpert-I\0Normal\NormalG0 (427).png,0Normal,0,Normal
full code\Knee X-ray Images\MedicalExpert-I\MedicalExpert-I\0Normal\NormalG0 (270).png,0Normal,0,Normal
full code\Knee X-ray Images\MedicalExpert-II\MedicalExpert-II\0Normal\NormalG0 (87).png,0Normal,0,Normal
full code\Knee X-ray Images\MedicalExpert-I\MedicalExpert-I\0Normal\NormalG0 (130).png,0Normal,0,Normal
full code\Knee X-ray Images\MedicalExpert-II\MedicalExpert-II\2Mild\MildG2 (230).png,2Mild,2,Mild
full code\Knee X-ray Images\MedicalExpert-II\MedicalExpert-II\1Doubtful\DoubtfulG1 (63).png,1Doubtful,1,Doubtful
full code\Knee X-ray Images\MedicalExpert-II\MedicalExpert-II\0Normal\NormalG0 (197).png,0Normal,0,Normal
full code\Knee X-ray Images\MedicalExpert-I\MedicalExpert-I\4Severe\SevereG4 (169).png,4Severe,4,Severe
full code\Knee X-ray Images\MedicalExpert-II\MedicalExpert-II\0Normal\NormalG0 (359).png,0Normal,0,Normal
full code\Knee X-ray Images\MedicalExpert-I\MedicalExpert-I\3Moderate\ModerateG3 (53).png,3Moderate,3,Moderate
full code\Knee X-ray Images\MedicalExpert-I\MedicalExpert-I\0Normal\NormalG0 (153).png,0Normal,0,Normal
full code\Knee X-ray Images\MedicalExpert-II\MedicalExpert-II\2Mild\MildG2 (10).png,2Mild,2,Mild
full code\Knee X-ray Images\MedicalExpert-II\MedicalExpert-II\0Normal\NormalG0 (20).png,0Normal,0,Normal
full code\Knee X-ray Images\MedicalExpert-I\MedicalExpert-I\1Doubtful\DoubtfulG1 (413).png,1Doubtful,1,Doubtful
full code\Knee X-ray Images\MedicalExpert-I\MedicalExpert-I\0Normal\NormalG0 (289).png,0Normal,0,Normal
full code\Knee X-ray Images\MedicalExpert-II\MedicalExpert-II\1Doubtful\DoubtfulG1 (37).png,1Doubtful,1,Doubtful
full code\Knee X-ray Images\MedicalExpert-II\MedicalExpert-II\3Moderate\ModerateG3 (94).png,3Moderate,3,Moderate
full code\Knee X-ray Images\MedicalExpert-I\MedicalExpert-I\4Severe\SevereG4 (128).png,4Severe,4,Severe
full code\Knee X-ray Images\MedicalExpert-I\MedicalExpert-I\3Moderate\ModerateG3 (216).png,3Moderate,3,Moderate
full code\Knee X-ray Images\MedicalExpert-I\MedicalExpert-I\0Normal\NormalG0 (334).png,0Normal,0,Normal
full code\Knee X-ray Images\MedicalExpert-II\MedicalExpert-II\2Mild\MildG2 (58).png,2Mild,2,Mild
full code\Knee X-ray Images\MedicalExpert-II\MedicalExpert-II\0Normal\NormalG0 (58).png,0Normal,0,Normal
full code\Knee X-ray Images\MedicalExpert-I\MedicalExpert-I\1Doubtful\DoubtfulG1 (47).png,1Doubtful,1,Doubtful
full code\Knee X-ray Images\MedicalExpert-I\MedicalExpert-I\0Normal\NormalG0 (53).png,0Normal,0,Normal
full code\Knee X-ray Images\MedicalExpert-II\MedicalExpert-II\4Severe\SevereG4 (32).png,4Severe,4,Severe
full code\Knee X-ray Images\MedicalExpert-II\MedicalExpert-II\1Doubtful\DoubtfulG1 (269).png,1Doubtful,1,Doubtful
full code\Knee X-ray Images\MedicalExpert-I\MedicalExpert-I\1Doubtful\DoubtfulG1 (449).png,1Doubtful,1,Doubtful
full code\Knee X-ray Images\MedicalExpert-I\MedicalExpert-I\3Moderate\ModerateG3 (206).png,3Moderate,3,Moderate
full code\Knee X-ray Images\MedicalExpert-I\MedicalExpert-I\0Normal\NormalG0 (259).png,0Normal,0,Normal
full code\Knee X-ray Images\MedicalExpert-I\MedicalExpert-I\2Mild\MildG2 (201).png,2Mild,2,Mild
full code\Knee X-ray Images\MedicalExpert-II\MedicalExpert-II\1Doubtful\DoubtfulG1 (338).png,1Doubtful,1,Doubtful
full code\Knee X-ray Images\MedicalExpert-I\MedicalExpert-I\0Normal\NormalG0 (287).png,0Normal,0,Normal
full code\Knee X-ray Images\MedicalExpert-I\MedicalExpert-I\4Severe\SevereG4 (79).png,4Severe,4,Severe
full code\Knee X-ray Images\MedicalExpert-II\MedicalExpert-II\0Normal\NormalG0 (302).png,0Normal,0,Normal
full code\Knee X-ray Images\MedicalExpert-II\MedicalExpert-II\0Normal\NormalG0 (283).png,0Normal,0,Normal
full code\Knee X-ray Images\MedicalExpert-I\MedicalExpert-I\4Severe\SevereG4 (110).png,4Severe,4,Severe
full code\Knee X-ray Images\MedicalExpert-II\MedicalExpert-II\3Moderate\ModerateG3 (188).png,3Moderate,3,Moderate
full code\Knee X-ray Images\MedicalExpert-II\MedicalExpert-II\0Normal\NormalG0 (103).png,0Normal,0,Normal
full code\Knee X-ray Images\MedicalExpert-II\MedicalExpert-II\4Severe\SevereG4 (33).png,4Severe,4,Severe
full code\Knee X-ray Images\MedicalExpert-I\MedicalExpert-I\3Moderate\ModerateG3 (221).png,3Moderate,3,Moderate
full code\Knee X-ray Images\MedicalExpert-II\MedicalExpert-II\1Doubtful\DoubtfulG1 (423).png,1Doubtful,1,Doubtful
full code\Knee X-ray Images\MedicalExpert-II\MedicalExpert-II\1Doubtful\DoubtfulG1 (158).png,1Doubtful,1,Doubtful
full code\Knee X-ray Images\MedicalExpert-II\MedicalExpert-II\2Mild\MildG2 (28).png,2Mild,2,Mild
full code\Knee X-ray Images\MedicalExpert-I\MedicalExpert-I\2Mild\MildG2 (164).png,2Mild,2,Mild
full code\Knee X-ray Images\MedicalExpert-II\MedicalExpert-II\4Severe\SevereG4 (73).png,4Severe,4,Severe
full code\Knee X-ray Images\MedicalExpert-I\MedicalExpert-I\0Normal\NormalG0 (236).png,0Normal,0,Normal
full code\Knee X-ray Images\MedicalExpert-II\MedicalExpert-II\0Normal\NormalG0 (499).png,0Normal,0,Normal
full code\Knee X-ray Images\MedicalExpert-I\MedicalExpert-I\0Normal\NormalG0 (183).png,0Normal,0,Normal
full code\Knee X-ray Images\MedicalExpert-II\MedicalExpert-II\3Moderate\ModerateG3 (111).png,3Moderate,3,Moderate
full code\Knee X-ray Images\MedicalExpert-I\MedicalExpert-I\0Normal\NormalG0 (115).png,0Normal,0,Normal
full code\Knee X-ray Images\MedicalExpert-I\MedicalExpert-I\0Normal\NormalG0 (419).png,0Normal,0,Normal
full code\Knee X-ray Images\MedicalExpert-I\MedicalExpert-I\2Mild\MildG2 (114).png,2Mild,2,Mild
full code\Knee X-ray Images\MedicalExpert-I\MedicalExpert-I\2Mild\MildG2 (96).png,2Mild,2,Mild
full code\Knee X-ray Images\MedicalExpert-I\MedicalExpert-I\1Doubtful\DoubtfulG1 (198).png,1Doubtful,1,Doubtful
full code\Knee X-ray Images\MedicalExpert-II\MedicalExpert-II\1Doubtful\DoubtfulG1 (115).png,1Doubtful,1,Doubtful
full code\Knee X-ray Images\MedicalExpert-II\MedicalExpert-II\1Doubtful\DoubtfulG1 (365).png,1Doubtful,1,Doubtful
full code\Knee X-ray Images\MedicalExpert-II\MedicalExpert-II\0Normal\NormalG0 (488).png,0Normal,0,Normal
full code\Knee X-ray Images\MedicalExpert-I\MedicalExpert-I\3Moderate\ModerateG3 (8).png,3Moderate,3,Moderate
full code\Knee X-ray Images\MedicalExpert-I\MedicalExpert-I\0Normal\NormalG0 (122).png,0Normal,0,Normal
full code\Knee X-ray Images\MedicalExpert-I\MedicalExpert-I\2Mild\MildG2 (113).png,2Mild,2,Mild
full code\Knee X-ray Images\MedicalExpert-I\MedicalExpert-I\0Normal\NormalG0 (459).png,0Normal,0,Normal
full code\Knee X-ray Images\MedicalExpert-II\MedicalExpert-II\4Severe\SevereG4 (182).png,4Severe,4,Severe
full code\Knee X-ray Images\MedicalExpert-II\MedicalExpert-II\0Normal\NormalG0 (286).png,0Normal,0,Normal
full code\Knee X-ray Images\MedicalExpert-I\MedicalExpert-I\2Mild\MildG2 (4).png,2Mild,2,Mild
full code\Knee X-ray Images\MedicalExpert-I\MedicalExpert-I\1Doubtful\DoubtfulG1 (127).png,1Doubtful,1,Doubtful
full code\Knee X-ray Images\MedicalExpert-II\MedicalExpert-II\0Normal\NormalG0 (154).png,0Normal,0,Normal
full code\Knee X-ray Images\MedicalExpert-I\MedicalExpert-I\0Normal\NormalG0 (132).png,0Normal,0,Normal
full code\Knee X-ray Images\MedicalExpert-I\MedicalExpert-I\3Moderate\ModerateG3 (57).png,3Moderate,3,Moderate
full code\Knee X-ray Images\MedicalExpert-II\MedicalExpert-II\2Mild\MildG2 (142).png,2Mild,2,Mild
full code\Knee X-ray Images\MedicalExpert-II\MedicalExpert-II\0Normal\NormalG0 (40).png,0Normal,0,Normal
full code\Knee X-ray Images\MedicalExpert-II\MedicalExpert-II\1Doubtful\DoubtfulG1 (447).png,1Doubtful,1,Doubtful
full code\Knee X-ray Images\MedicalExpert-I\MedicalExpert-I\0Normal\NormalG0 (502).png,0Normal,0,Normal
full code\Knee X-ray Images\MedicalExpert-I\MedicalExpert-I\0Normal\NormalG0 (443).png,0Normal,0,Normal
full code\Knee X-ray Images\MedicalExpert-I\MedicalExpert-I\0Normal\NormalG0 (141).png,0Normal,0,Normal
full code\Knee X-ray Images\MedicalExpert-I\MedicalExpert-I\0Normal\NormalG0 (166).png,0Normal,0,Normal
full code\Knee X-ray Images\MedicalExpert-I\MedicalExpert-I\1Doubtful\DoubtfulG1 (428).png,1Doubtful,1,Doubtful
full code\Knee X-ray Images\MedicalExpert-I\MedicalExpert-I\1Doubtful\DoubtfulG1 (373).png,1Doubtful,1,Doubtful
full code\Knee X-ray Images\MedicalExpert-I\MedicalExpert-I\3Moderate\ModerateG3 (137).png,3Moderate,3,Moderate
full code\Knee X-ray Images\MedicalExpert-I\MedicalExpert-I\0Normal\NormalG0 (168).png,0Normal,0,Normal
full code\Knee X-ray Images\MedicalExpert-I\MedicalExpert-I\2Mild\MildG2 (22).png,2Mild,2,Mild
full code\Knee X-ray Images\MedicalExpert-II\MedicalExpert-II\0Normal\NormalG0 (472).png,0Normal,0,Normal
full code\Knee X-ray Images\MedicalExpert-I\MedicalExpert-I\1Doubtful\DoubtfulG1 (121).png,1Doubtful,1,Doubtful
full code\Knee X-ray Images\MedicalExpert-II\MedicalExpert-II\4Severe\SevereG4 (170).png,4Severe,4,Severe
full code\Knee X-ray Images\MedicalExpert-II\MedicalExpert-II\0Normal\NormalG0 (467).png,0Normal,0,Normal
full code\Knee X-ray Images\MedicalExpert-II\MedicalExpert-II\0Normal\NormalG0 (485).png,0Normal,0,Normal
full code\Knee X-ray Images\MedicalExpert-I\MedicalExpert-I\1Doubtful\DoubtfulG1 (318).png,1Doubtful,1,Doubtful
full code\Knee X-ray Images\MedicalExpert-I\MedicalExpert-I\2Mild\MildG2 (115).png,2Mild,2,Mild
full code\Knee X-ray Images\MedicalExpert-II\MedicalExpert-II\1Doubtful\DoubtfulG1 (185).png,1Doubtful,1,Doubtful
full code\Knee X-ray Images\MedicalExpert-II\MedicalExpert-II\0Normal\NormalG0 (461).png,0Normal,0,Normal
full code\Knee X-ray Images\MedicalExpert-II\MedicalExpert-II\0Normal\NormalG0 (71).png,0Normal,0,Normal
full code\Knee X-ray Images\MedicalExpert-II\MedicalExpert-II\0Normal\NormalG0 (451).png,0Normal,0,Normal
full code\Knee X-ray Images\MedicalExpert-I\MedicalExpert-I\4Severe\SevereG4 (140).png,4Severe,4,Severe
full code\Knee X-ray Images\MedicalExpert-II\MedicalExpert-II\1Doubtful\DoubtfulG1 (324).png,1Doubtful,1,Doubtful
full code\Knee X-ray Images\MedicalExpert-II\MedicalExpert-II\0Normal\NormalG0 (452).png,0Normal,0,Normal
full code\Knee X-ray Images\MedicalExpert-I\MedicalExpert-I\0Normal\NormalG0 (76).png,0Normal,0,Normal
full code\Knee X-ray Images\MedicalExpert-I\MedicalExpert-I\2Mild\MildG2 (229).png,2Mild,2,Mild
full code\Knee X-ray Images\MedicalExpert-II\MedicalExpert-II\3Moderate\ModerateG3 (211).png,3Moderate,3,Moderate
full code\Knee X-ray Images\MedicalExpert-I\MedicalExpert-I\0Normal\NormalG0 (20).png,0Normal,0,Normal
full code\Knee X-ray Images\MedicalExpert-I\MedicalExpert-I\1Doubtful\DoubtfulG1 (443).png,1Doubtful,1,Doubtful
full code\Knee X-ray Images\MedicalExpert-II\MedicalExpert-II\4Severe\SevereG4 (41).png,4Severe,4,Severe
full code\Knee X-ray Images\MedicalExpert-II\MedicalExpert-II\1Doubtful\DoubtfulG1 (173).png,1Doubtful,1,Doubtful
full code\Knee X-ray Images\MedicalExpert-I\MedicalExpert-I\2Mild\MildG2 (61).png,2Mild,2,Mild
full code\Knee X-ray Images\MedicalExpert-I\MedicalExpert-I\4Severe\SevereG4 (82).png,4Severe,4,Severe
full code\Knee X-ray Images\MedicalExpert-I\MedicalExpert-I\4Severe\SevereG4 (152).png,4Severe,4,Severe
full code\Knee X-ray Images\MedicalExpert-I\MedicalExpert-I\4Severe\SevereG4 (197).png,4Severe,4,Severe
full code\Knee X-ray Images\MedicalExpert-I\MedicalExpert-I\0Normal\NormalG0 (452).png,0Normal,0,Normal
full code\Knee X-ray Images\MedicalExpert-II\MedicalExpert-II\0Normal\NormalG0 (106).png,0Normal,0,Normal
full code\Knee X-ray Images\MedicalExpert-II\MedicalExpert-II\0Normal\NormalG0 (312).png,0Normal,0,Normal
full code\Knee X-ray Images\MedicalExpert-I\MedicalExpert-I\3Moderate\ModerateG3 (65).png,3Moderate,3,Moderate
full code\Knee X-ray Images\MedicalExpert-I\MedicalExpert-I\4Severe\SevereG4 (204).png,4Severe,4,Severe
full code\Knee X-ray Images\MedicalExpert-I\MedicalExpert-I\2Mild\MildG2 (166).png,2Mild,2,Mild
full code\Knee X-ray Images\MedicalExpert-I\MedicalExpert-I\3Moderate\ModerateG3 (167).png,3Moderate,3,Moderate
full code\Knee X-ray Images\MedicalExpert-I\MedicalExpert-I\1Doubtful\DoubtfulG1 (173).png,1Doubtful,1,Doubtful
full code\Knee X-ray Images\MedicalExpert-II\MedicalExpert-II\0Normal\NormalG0 (346).png,0Normal,0,Normal
full code\Knee X-ray Images\MedicalExpert-I\MedicalExpert-I\2Mild\MildG2 (185).png,2Mild,2,Mild
full code\Knee X-ray Images\MedicalExpert-II\MedicalExpert-II\1Doubtful\DoubtfulG1 (290).png,1Doubtful,1,Doubtful
full code\Knee X-ray Images\MedicalExpert-I\MedicalExpert-I\0Normal\NormalG0 (221).png,0Normal,0,Normal
full code\Knee X-ray Images\MedicalExpert-I\MedicalExpert-I\2Mild\MildG2 (221).png,2Mild,2,Mild
full code\Knee X-ray Images\MedicalExpert-I\MedicalExpert-I\1Doubtful\DoubtfulG1 (75).png,1Doubtful,1,Doubtful
full code\Knee X-ray Images\MedicalExpert-II\MedicalExpert-II\2Mild\MildG2 (86).png,2Mild,2,Mild
full code\Knee X-ray Images\MedicalExpert-II\MedicalExpert-II\0Normal\NormalG0 (478).png,0Normal,0,Normal
full code\Knee X-ray Images\MedicalExpert-I\MedicalExpert-I\1Doubtful\DoubtfulG1 (174).png,1Doubtful,1,Doubtful
full code\Knee X-ray Images\MedicalExpert-II\MedicalExpert-II\1Doubtful\DoubtfulG1 (363).png,1Doubtful,1,Doubtful
full code\Knee X-ray Images\MedicalExpert-I\MedicalExpert-I\0Normal\NormalG0 (229).png,0Normal,0,Normal
full code\Knee X-ray Images\MedicalExpert-II\MedicalExpert-II\1Doubtful\DoubtfulG1 (273).png,1Doubtful,1,Doubtful
full code\Knee X-ray Images\MedicalExpert-II\MedicalExpert-II\2Mild\MildG2 (79).png,2Mild,2,Mild
full code\Knee X-ray Images\MedicalExpert-I\MedicalExpert-I\2Mild\MildG2 (103).png,2Mild,2,Mild
full code\Knee X-ray Images\MedicalExpert-II\MedicalExpert-II\1Doubtful\DoubtfulG1 (282).png,1Doubtful,1,Doubtful
full code\Knee X-ray Images\MedicalExpert-II\MedicalExpert-II\0Normal\NormalG0 (47).png,0Normal,0,Normal
full code\Knee X-ray Images\MedicalExpert-I\MedicalExpert-I\2Mild\MildG2 (193).png,2Mild,2,Mild
full code\Knee X-ray Images\MedicalExpert-I\MedicalExpert-I\1Doubtful\DoubtfulG1 (38).png,1Doubtful,1,Doubtful
full code\Knee X-ray Images\MedicalExpert-II\MedicalExpert-II\1Doubtful\DoubtfulG1 (259).png,1Doubtful,1,Doubtful
full code\Knee X-ray Images\MedicalExpert-II\MedicalExpert-II\0Normal\NormalG0 (167).png,0Normal,0,Normal
full code\Knee X-ray Images\MedicalExpert-I\MedicalExpert-I\0Normal\NormalG0 (356).png,0Normal,0,Normal
full code\Knee X-ray Images\MedicalExpert-II\MedicalExpert-II\1Doubtful\DoubtfulG1 (472).png,1Doubtful,1,Doubtful
full code\Knee X-ray Images\MedicalExpert-I\MedicalExpert-I\2Mild\MildG2 (91).png,2Mild,2,Mild
full code\Knee X-ray Images\MedicalExpert-II\MedicalExpert-II\1Doubtful\DoubtfulG1 (396).png,1Doubtful,1,Doubtful
full code\Knee X-ray Images\MedicalExpert-II\MedicalExpert-II\3Moderate\ModerateG3 (95).png,3Moderate,3,Moderate
full code\Knee X-ray Images\MedicalExpert-II\MedicalExpert-II\1Doubtful\DoubtfulG1 (152).png,1Doubtful,1,Doubtful
full code\Knee X-ray Images\MedicalExpert-I\MedicalExpert-I\4Severe\SevereG4 (112).png,4Severe,4,Severe
full code\Knee X-ray Images\MedicalExpert-I\MedicalExpert-I\3Moderate\ModerateG3 (139).png,3Moderate,3,Moderate
full code\Knee X-ray Images\MedicalExpert-I\MedicalExpert-I\3Moderate\ModerateG3 (89).png,3Moderate,3,Moderate
full code\Knee X-ray Images\MedicalExpert-I\MedicalExpert-I\4Severe\SevereG4 (126).png,4Severe,4,Severe
full code\Knee X-ray Images\MedicalExpert-I\MedicalExpert-I\1Doubtful\DoubtfulG1 (452).png,1Doubtful,1,Doubtful
full code\Knee X-ray Images\MedicalExpert-I\MedicalExpert-I\4Severe\SevereG4 (95).png,4Severe,4,Severe
full code\Knee X-ray Images\MedicalExpert-I\MedicalExpert-I\2Mild\MildG2 (217).png,2Mild,2,Mild
full code\Knee X-ray Images\MedicalExpert-I\MedicalExpert-I\2Mild\MildG2 (194).png,2Mild,2,Mild
full code\Knee X-ray Images\MedicalExpert-I\MedicalExpert-I\1Doubtful\DoubtfulG1 (459).png,1Doubtful,1,Doubtful
full code\Knee X-ray Images\MedicalExpert-I\MedicalExpert-I\0Normal\NormalG0 (185).png,0Normal,0,Normal
full code\Knee X-ray Images\MedicalExpert-I\MedicalExpert-I\1Doubtful\DoubtfulG1 (313).png,1Doubtful,1,Doubtful
full code\Knee X-ray Images\MedicalExpert-II\MedicalExpert-II\2Mild\MildG2 (95).png,2Mild,2,Mild
full code\Knee X-ray Images\MedicalExpert-II\MedicalExpert-II\2Mild\MildG2 (65).png,2Mild,2,Mild
full code\Knee X-ray Images\MedicalExpert-I\MedicalExpert-I\2Mild\MildG2 (80).png,2Mild,2,Mild
full code\Knee X-ray Images\MedicalExpert-I\MedicalExpert-I\1Doubtful\DoubtfulG1 (266).png,1Doubtful,1,Doubtful
full code\Knee X-ray Images\MedicalExpert-I\MedicalExpert-I\1Doubtful\DoubtfulG1 (208).png,1Doubtful,1,Doubtful
full code\Knee X-ray Images\MedicalExpert-I\MedicalExpert-I\1Doubtful\DoubtfulG1 (28).png,1Doubtful,1,Doubtful
full code\Knee X-ray Images\MedicalExpert-II\MedicalExpert-II\4Severe\SevereG4 (70).png,4Severe,4,Severe
full code\Knee X-ray Images\MedicalExpert-II\MedicalExpert-II\1Doubtful\DoubtfulG1 (208).png,1Doubtful,1,Doubtful
full code\Knee X-ray Images\MedicalExpert-I\MedicalExpert-I\3Moderate\ModerateG3 (54).png,3Moderate,3,Moderate
full code\Knee X-ray Images\MedicalExpert-II\MedicalExpert-II\0Normal\NormalG0 (444).png,0Normal,0,Normal
full code\Knee X-ray Images\MedicalExpert-II\MedicalExpert-II\2Mild\MildG2 (160).png,2Mild,2,Mild
full code\Knee X-ray Images\MedicalExpert-I\MedicalExpert-I\1Doubtful\DoubtfulG1 (467).png,1Doubtful,1,Doubtful
full code\Knee X-ray Images\MedicalExpert-I\MedicalExpert-I\2Mild\MildG2 (165).png,2Mild,2,Mild
full code\Knee X-ray Images\MedicalExpert-I\MedicalExpert-I\3Moderate\ModerateG3 (84).png,3Moderate,3,Moderate
full code\Knee X-ray Images\MedicalExpert-I\MedicalExpert-I\3Moderate\ModerateG3 (102).png,3Moderate,3,Moderate
full code\Knee X-ray Images\MedicalExpert-I\MedicalExpert-I\0Normal\NormalG0 (475).png,0Normal,0,Normal
full code\Knee X-ray Images\MedicalExpert-I\MedicalExpert-I\2Mild\MildG2 (118).png,2Mild,2,Mild
full code\Knee X-ray Images\MedicalExpert-I\MedicalExpert-I\4Severe\SevereG4 (27).png,4Severe,4,Severe
full code\Knee X-ray Images\MedicalExpert-II\MedicalExpert-II\2Mild\MildG2 (154).png,2Mild,2,Mild
full code\Knee X-ray Images\MedicalExpert-I\MedicalExpert-I\1Doubtful\DoubtfulG1 (270).png,1Doubtful,1,Doubtful
full code\Knee X-ray Images\MedicalExpert-I\MedicalExpert-I\0Normal\NormalG0 (423).png,0Normal,0,Normal
full code\Knee X-ray Images\MedicalExpert-I\MedicalExpert-I\0Normal\NormalG0 (293).png,0Normal,0,Normal
full code\Knee X-ray Images\MedicalExpert-II\MedicalExpert-II\0Normal\NormalG0 (497).png,0Normal,0,Normal
full code\Knee X-ray Images\MedicalExpert-I\MedicalExpert-I\2Mild\MildG2 (79).png,2Mild,2,Mild
full code\Knee X-ray Images\MedicalExpert-I\MedicalExpert-I\0Normal\NormalG0 (144).png,0Normal,0,Normal
full code\Knee X-ray Images\MedicalExpert-I\MedicalExpert-I\0Normal\NormalG0 (469).png,0Normal,0,Normal
full code\Knee X-ray Images\MedicalExpert-I\MedicalExpert-I\4Severe\SevereG4 (40).png,4Severe,4,Severe
full code\Knee X-ray Images\MedicalExpert-II\MedicalExpert-II\4Severe\SevereG4 (14).png,4Severe,4,Severe
full code\Knee X-ray Images\MedicalExpert-I\MedicalExpert-I\1Doubtful\DoubtfulG1 (89).png,1Doubtful,1,Doubtful
full code\Knee X-ray Images\MedicalExpert-I\MedicalExpert-I\2Mild\MildG2 (37).png,2Mild,2,Mild
full code\Knee X-ray Images\MedicalExpert-I\MedicalExpert-I\3Moderate\ModerateG3 (172).png,3Moderate,3,Moderate
full code\Knee X-ray Images\MedicalExpert-I\MedicalExpert-I\2Mild\MildG2 (120).png,2Mild,2,Mild
full code\Knee X-ray Images\MedicalExpert-II\MedicalExpert-II\0Normal\NormalG0 (215).png,0Normal,0,Normal
full code\Knee X-ray Images\MedicalExpert-II\MedicalExpert-II\0Normal\NormalG0 (7).png,0Normal,0,Normal
full code\Knee X-ray Images\MedicalExpert-II\MedicalExpert-II\0Normal\NormalG0 (69).png,0Normal,0,Normal
full code\Knee X-ray Images\MedicalExpert-I\MedicalExpert-I\0Normal\NormalG0 (298).png,0Normal,0,Normal
full code\Knee X-ray Images\MedicalExpert-I\MedicalExpert-I\4Severe\SevereG4 (19).png,4Severe,4,Severe
full code\Knee X-ray Images\MedicalExpert-I\MedicalExpert-I\0Normal\NormalG0 (201).png,0Normal,0,Normal
full code\Knee X-ray Images\MedicalExpert-I\MedicalExpert-I\1Doubtful\DoubtfulG1 (259).png,1Doubtful,1,Doubtful
full code\Knee X-ray Images\MedicalExpert-II\MedicalExpert-II\1Doubtful\DoubtfulG1 (239).png,1Doubtful,1,Doubtful
full code\Knee X-ray Images\MedicalExpert-II\MedicalExpert-II\1Doubtful\DoubtfulG1 (440).png,1Doubtful,1,Doubtful
full code\Knee X-ray Images\MedicalExpert-I\MedicalExpert-I\3Moderate\ModerateG3 (149).png,3Moderate,3,Moderate
full code\Knee X-ray Images\MedicalExpert-I\MedicalExpert-I\0Normal\NormalG0 (291).png,0Normal,0,Normal
full code\Knee X-ray Images\MedicalExpert-I\MedicalExpert-I\1Doubtful\DoubtfulG1 (362).png,1Doubtful,1,Doubtful
full code\Knee X-ray Images\MedicalExpert-II\MedicalExpert-II\1Doubtful\DoubtfulG1 (228).png,1Doubtful,1,Doubtful
full code\Knee X-ray Images\MedicalExpert-II\MedicalExpert-II\3Moderate\ModerateG3 (198).png,3Moderate,3,Moderate
full code\Knee X-ray Images\MedicalExpert-I\MedicalExpert-I\0Normal\NormalG0 (199).png,0Normal,0,Normal
full code\Knee X-ray Images\MedicalExpert-I\MedicalExpert-I\0Normal\NormalG0 (464).png,0Normal,0,Normal
full code\Knee X-ray Images\MedicalExpert-II\MedicalExpert-II\1Doubtful\DoubtfulG1 (407).png,1Doubtful,1,Doubtful
full code\Knee X-ray Images\MedicalExpert-II\MedicalExpert-II\4Severe\SevereG4 (72).png,4Severe,4,Severe
full code\Knee X-ray Images\MedicalExpert-II\MedicalExpert-II\4Severe\SevereG4 (74).png,4Severe,4,Severe
full code\Knee X-ray Images\MedicalExpert-I\MedicalExpert-I\1Doubtful\DoubtfulG1 (138).png,1Doubtful,1,Doubtful
full code\Knee X-ray Images\MedicalExpert-II\MedicalExpert-II\1Doubtful\DoubtfulG1 (449).png,1Doubtful,1,Doubtful
full code\Knee X-ray Images\MedicalExpert-I\MedicalExpert-I\2Mild\MildG2 (183).png,2Mild,2,Mild
full code\Knee X-ray Images\MedicalExpert-I\MedicalExpert-I\1Doubtful\DoubtfulG1 (426).png,1Doubtful,1,Doubtful
full code\Knee X-ray Images\MedicalExpert-I\MedicalExpert-I\2Mild\MildG2 (88).png,2Mild,2,Mild
full code\Knee X-ray Images\MedicalExpert-II\MedicalExpert-II\0Normal\NormalG0 (53).png,0Normal,0,Normal
full code\Knee X-ray Images\MedicalExpert-I\MedicalExpert-I\3Moderate\ModerateG3 (80).png,3Moderate,3,Moderate
full code\Knee X-ray Images\MedicalExpert-I\MedicalExpert-I\2Mild\MildG2 (21).png,2Mild,2,Mild
full code\Knee X-ray Images\MedicalExpert-I\MedicalExpert-I\1Doubtful\DoubtfulG1 (369).png,1Doubtful,1,Doubtful
full code\Knee X-ray Images\MedicalExpert-I\MedicalExpert-I\2Mild\MildG2 (117).png,2Mild,2,Mild
full code\Knee X-ray Images\MedicalExpert-I\MedicalExpert-I\1Doubtful\DoubtfulG1 (466).png,1Doubtful,1,Doubtful
full code\Knee X-ray Images\MedicalExpert-II\MedicalExpert-II\2Mild\MildG2 (62).png,2Mild,2,Mild
full code\Knee X-ray Images\MedicalExpert-II\MedicalExpert-II\1Doubtful\DoubtfulG1 (144).png,1Doubtful,1,Doubtful
full code\Knee X-ray Images\MedicalExpert-I\MedicalExpert-I\1Doubtful\DoubtfulG1 (273).png,1Doubtful,1,Doubtful
full code\Knee X-ray Images\MedicalExpert-I\MedicalExpert-I\0Normal\NormalG0 (431).png,0Normal,0,Normal
full code\Knee X-ray Images\MedicalExpert-I\MedicalExpert-I\3Moderate\ModerateG3 (36).png,3Moderate,3,Moderate
full code\Knee X-ray Images\MedicalExpert-II\MedicalExpert-II\4Severe\SevereG4 (62).png,4Severe,4,Severe
full code\Knee X-ray Images\MedicalExpert-I\MedicalExpert-I\1Doubtful\DoubtfulG1 (411).png,1Doubtful,1,Doubtful
full code\Knee X-ray Images\MedicalExpert-I\MedicalExpert-I\3Moderate\ModerateG3 (112).png,3Moderate,3,Moderate
full code\Knee X-ray Images\MedicalExpert-II\MedicalExpert-II\0Normal\NormalG0 (393).png,0Normal,0,Normal
full code\Knee X-ray Images\MedicalExpert-II\MedicalExpert-II\0Normal\NormalG0 (427).png,0Normal,0,Normal
full code\Knee X-ray Images\MedicalExpert-II\MedicalExpert-II\4Severe\SevereG4 (165).png,4Severe,4,Severe
full code\Knee X-ray Images\MedicalExpert-I\MedicalExpert-I\3Moderate\ModerateG3 (130).png,3Moderate,3,Moderate
full code\Knee X-ray Images\MedicalExpert-I\MedicalExpert-I\4Severe\SevereG4 (146).png,4Severe,4,Severe
full code\Knee X-ray Images\MedicalExpert-II\MedicalExpert-II\1Doubtful\DoubtfulG1 (389).png,1Doubtful,1,Doubtful
full code\Knee X-ray Images\MedicalExpert-II\MedicalExpert-II\0Normal\NormalG0 (42).png,0Normal,0,Normal
full code\Knee X-ray Images\MedicalExpert-I\MedicalExpert-I\0Normal\NormalG0 (139).png,0Normal,0,Normal
full code\Knee X-ray Images\MedicalExpert-II\MedicalExpert-II\2Mild\MildG2 (97).png,2Mild,2,Mild
full code\Knee X-ray Images\MedicalExpert-II\MedicalExpert-II\2Mild\MildG2 (90).png,2Mild,2,Mild
full code\Knee X-ray Images\MedicalExpert-II\MedicalExpert-II\1Doubtful\DoubtfulG1 (151).png,1Doubtful,1,Doubtful
full code\Knee X-ray Images\MedicalExpert-I\MedicalExpert-I\1Doubtful\DoubtfulG1 (150).png,1Doubtful,1,Doubtful
full code\Knee X-ray Images\MedicalExpert-II\MedicalExpert-II\2Mild\MildG2 (81).png,2Mild,2,Mild
full code\Knee X-ray Images\MedicalExpert-II\MedicalExpert-II\0Normal\NormalG0 (433).png,0Normal,0,Normal
full code\Knee X-ray Images\MedicalExpert-I\MedicalExpert-I\1Doubtful\DoubtfulG1 (433).png,1Doubtful,1,Doubtful
full code\Knee X-ray Images\MedicalExpert-I\MedicalExpert-I\3Moderate\ModerateG3 (128).png,3Moderate,3,Moderate
full code\Knee X-ray Images\MedicalExpert-II\MedicalExpert-II\2Mild\MildG2 (40).png,2Mild,2,Mild
full code\Knee X-ray Images\MedicalExpert-I\MedicalExpert-I\0Normal\NormalG0 (103).png,0Normal,0,Normal
full code\Knee X-ray Images\MedicalExpert-II\MedicalExpert-II\1Doubtful\DoubtfulG1 (106).png,1Doubtful,1,Doubtful
full code\Knee X-ray Images\MedicalExpert-I\MedicalExpert-I\1Doubtful\DoubtfulG1 (231).png,1Doubtful,1,Doubtful
full code\Knee X-ray Images\MedicalExpert-II\MedicalExpert-II\4Severe\SevereG4 (25).png,4Severe,4,Severe
full code\Knee X-ray Images\MedicalExpert-II\MedicalExpert-II\1Doubtful\DoubtfulG1 (310).png,1Doubtful,1,Doubtful
full code\Knee X-ray Images\MedicalExpert-I\MedicalExpert-I\2Mild\MildG2 (28).png,2Mild,2,Mild
full code\Knee X-ray Images\MedicalExpert-I\MedicalExpert-I\1Doubtful\DoubtfulG1 (12).png,1Doubtful,1,Doubtful
full code\Knee X-ray Images\MedicalExpert-II\MedicalExpert-II\0Normal\NormalG0 (240).png,0Normal,0,Normal
full code\Knee X-ray Images\MedicalExpert-II\MedicalExpert-II\1Doubtful\DoubtfulG1 (253).png,1Doubtful,1,Doubtful
full code\Knee X-ray Images\MedicalExpert-I\MedicalExpert-I\1Doubtful\DoubtfulG1 (183).png,1Doubtful,1,Doubtful
full code\Knee X-ray Images\MedicalExpert-II\MedicalExpert-II\0Normal\NormalG0 (435).png,0Normal,0,Normal
full code\Knee X-ray Images\MedicalExpert-I\MedicalExpert-I\1Doubtful\DoubtfulG1 (235).png,1Doubtful,1,Doubtful
full code\Knee X-ray Images\MedicalExpert-I\MedicalExpert-I\1Doubtful\DoubtfulG1 (305).png,1Doubtful,1,Doubtful
full code\Knee X-ray Images\MedicalExpert-II\MedicalExpert-II\1Doubtful\DoubtfulG1 (275).png,1Doubtful,1,Doubtful
full code\Knee X-ray Images\MedicalExpert-II\MedicalExpert-II\0Normal\NormalG0 (120).png,0Normal,0,Normal
full code\Knee X-ray Images\MedicalExpert-I\MedicalExpert-I\3Moderate\ModerateG3 (140).png,3Moderate,3,Moderate
full code\Knee X-ray Images\MedicalExpert-I\MedicalExpert-I\1Doubtful\DoubtfulG1 (356).png,1Doubtful,1,Doubtful
full code\Knee X-ray Images\MedicalExpert-I\MedicalExpert-I\1Doubtful\DoubtfulG1 (368).png,1Doubtful,1,Doubtful
full code\Knee X-ray Images\MedicalExpert-I\MedicalExpert-I\3Moderate\ModerateG3 (105).png,3Moderate,3,Moderate
full code\Knee X-ray Images\MedicalExpert-II\MedicalExpert-II\0Normal\NormalG0 (226).png,0Normal,0,Normal
full code\Knee X-ray Images\MedicalExpert-I\MedicalExpert-I\2Mild\MildG2 (135).png,2Mild,2,Mild
full code\Knee X-ray Images\MedicalExpert-I\MedicalExpert-I\0Normal\NormalG0 (219).png,0Normal,0,Normal
full code\Knee X-ray Images\MedicalExpert-I\MedicalExpert-I\0Normal\NormalG0 (238).png,0Normal,0,Normal
full code\Knee X-ray Images\MedicalExpert-I\MedicalExpert-I\0Normal\NormalG0 (164).png,0Normal,0,Normal
full code\Knee X-ray Images\MedicalExpert-II\MedicalExpert-II\2Mild\MildG2 (201).png,2Mild,2,Mild
full code\Knee X-ray Images\MedicalExpert-II\MedicalExpert-II\2Mild\MildG2 (1).png,2Mild,2,Mild
full code\Knee X-ray Images\MedicalExpert-II\MedicalExpert-II\3Moderate\ModerateG3 (113).png,3Moderate,3,Moderate
full code\Knee X-ray Images\MedicalExpert-I\MedicalExpert-I\0Normal\NormalG0 (62).png,0Normal,0,Normal
full code\Knee X-ray Images\MedicalExpert-I\MedicalExpert-I\3Moderate\ModerateG3 (197).png,3Moderate,3,Moderate
full code\Knee X-ray Images\MedicalExpert-I\MedicalExpert-I\3Moderate\ModerateG3 (67).png,3Moderate,3,Moderate
full code\Knee X-ray Images\MedicalExpert-I\MedicalExpert-I\3Moderate\ModerateG3 (208).png,3Moderate,3,Moderate
full code\Knee X-ray Images\MedicalExpert-II\MedicalExpert-II\0Normal\NormalG0 (281).png,0Normal,0,Normal
full code\Knee X-ray Images\MedicalExpert-I\MedicalExpert-I\3Moderate\ModerateG3 (4).png,3Moderate,3,Moderate
full code\Knee X-ray Images\MedicalExpert-II\MedicalExpert-II\3Moderate\ModerateG3 (207).png,3Moderate,3,Moderate
full code\Knee X-ray Images\MedicalExpert-II\MedicalExpert-II\4Severe\SevereG4 (111).png,4Severe,4,Severe
full code\Knee X-ray Images\MedicalExpert-II\MedicalExpert-II\2Mild\MildG2 (60).png,2Mild,2,Mild
full code\Knee X-ray Images\MedicalExpert-I\MedicalExpert-I\0Normal\NormalG0 (332).png,0Normal,0,Normal
full code\Knee X-ray Images\MedicalExpert-I\MedicalExpert-I\1Doubtful\DoubtfulG1 (11).png,1Doubtful,1,Doubtful
full code\Knee X-ray Images\MedicalExpert-I\MedicalExpert-I\4Severe\SevereG4 (44).png,4Severe,4,Severe
full code\Knee X-ray Images\MedicalExpert-II\MedicalExpert-II\0Normal\NormalG0 (230).png,0Normal,0,Normal
full code\Knee X-ray Images\MedicalExpert-I\MedicalExpert-I\3Moderate\ModerateG3 (160).png,3Moderate,3,Moderate
full code\Knee X-ray Images\MedicalExpert-II\MedicalExpert-II\2Mild\MildG2 (183).png,2Mild,2,Mild
full code\Knee X-ray Images\MedicalExpert-II\MedicalExpert-II\3Moderate\ModerateG3 (139).png,3Moderate,3,Moderate
full code\Knee X-ray Images\MedicalExpert-I\MedicalExpert-I\1Doubtful\DoubtfulG1 (464).png,1Doubtful,1,Doubtful
full code\Knee X-ray Images\MedicalExpert-II\MedicalExpert-II\3Moderate\ModerateG3 (168).png,3Moderate,3,Moderate
full code\Knee X-ray Images\MedicalExpert-I\MedicalExpert-I\1Doubtful\DoubtfulG1 (382).png,1Doubtful,1,Doubtful
full code\Knee X-ray Images\MedicalExpert-I\MedicalExpert-I\0Normal\NormalG0 (58).png,0Normal,0,Normal
full code\Knee X-ray Images\MedicalExpert-I\MedicalExpert-I\4Severe\SevereG4 (136).png,4Severe,4,Severe
full code\Knee X-ray Images\MedicalExpert-II\MedicalExpert-II\2Mild\MildG2 (151).png,2Mild,2,Mild
full code\Knee X-ray Images\MedicalExpert-II\MedicalExpert-II\3Moderate\ModerateG3 (130).png,3Moderate,3,Moderate
full code\Knee X-ray Images\MedicalExpert-I\MedicalExpert-I\1Doubtful\DoubtfulG1 (424).png,1Doubtful,1,Doubtful
full code\Knee X-ray Images\MedicalExpert-I\MedicalExpert-I\1Doubtful\DoubtfulG1 (197).png,1Doubtful,1,Doubtful
full code\Knee X-ray Images\MedicalExpert-II\MedicalExpert-II\2Mild\MildG2 (15).png,2Mild,2,Mild
full code\Knee X-ray Images\MedicalExpert-I\MedicalExpert-I\4Severe\SevereG4 (61).png,4Severe,4,Severe
full code\Knee X-ray Images\MedicalExpert-I\MedicalExpert-I\0Normal\NormalG0 (394).png,0Normal,0,Normal
full code\Knee X-ray Images\MedicalExpert-II\MedicalExpert-II\2Mild\MildG2 (121).png,2Mild,2,Mild
full code\Knee X-ray Images\MedicalExpert-I\MedicalExpert-I\0Normal\NormalG0 (481).png,0Normal,0,Normal
full code\Knee X-ray Images\MedicalExpert-II\MedicalExpert-II\0Normal\NormalG0 (258).png,0Normal,0,Normal
full code\Knee X-ray Images\MedicalExpert-I\MedicalExpert-I\3Moderate\ModerateG3 (44).png,3Moderate,3,Moderate
full code\Knee X-ray Images\MedicalExpert-I\MedicalExpert-I\3Moderate\ModerateG3 (10).png,3Moderate,3,Moderate
full code\Knee X-ray Images\MedicalExpert-II\MedicalExpert-II\1Doubtful\DoubtfulG1 (91).png,1Doubtful,1,Doubtful
full code\Knee X-ray Images\MedicalExpert-I\MedicalExpert-I\0Normal\NormalG0 (506).png,0Normal,0,Normal
full code\Knee X-ray Images\MedicalExpert-II\MedicalExpert-II\0Normal\NormalG0 (330).png,0Normal,0,Normal
full code\Knee X-ray Images\MedicalExpert-II\MedicalExpert-II\0Normal\NormalG0 (54).png,0Normal,0,Normal
full code\Knee X-ray Images\MedicalExpert-II\MedicalExpert-II\3Moderate\ModerateG3 (193).png,3Moderate,3,Moderate
full code\Knee X-ray Images\MedicalExpert-II\MedicalExpert-II\3Moderate\ModerateG3 (185).png,3Moderate,3,Moderate
full code\Knee X-ray Images\MedicalExpert-II\MedicalExpert-II\3Moderate\ModerateG3 (102).png,3Moderate,3,Moderate
full code\Knee X-ray Images\MedicalExpert-II\MedicalExpert-II\3Moderate\ModerateG3 (167).png,3Moderate,3,Moderate
full code\Knee X-ray Images\MedicalExpert-I\MedicalExpert-I\0Normal\NormalG0 (251).png,0Normal,0,Normal
full code\Knee X-ray Images\MedicalExpert-I\MedicalExpert-I\1Doubtful\DoubtfulG1 (60).png,1Doubtful,1,Doubtful
full code\Knee X-ray Images\MedicalExpert-I\MedicalExpert-I\1Doubtful\DoubtfulG1 (7).png,1Doubtful,1,Doubtful
full code\Knee X-ray Images\MedicalExpert-I\MedicalExpert-I\4Severe\SevereG4 (45).png,4Severe,4,Severe
full code\Knee X-ray Images\MedicalExpert-I\MedicalExpert-I\0Normal\NormalG0 (35).png,0Normal,0,Normal
full code\Knee X-ray Images\MedicalExpert-II\MedicalExpert-II\3Moderate\ModerateG3 (163).png,3Moderate,3,Moderate
full code\Knee X-ray Images\MedicalExpert-I\MedicalExpert-I\1Doubtful\DoubtfulG1 (240).png,1Doubtful,1,Doubtful
full code\Knee X-ray Images\MedicalExpert-I\MedicalExpert-I\2Mild\MildG2 (93).png,2Mild,2,Mild
full code\Knee X-ray Images\MedicalExpert-II\MedicalExpert-II\0Normal\NormalG0 (124).png,0Normal,0,Normal
full code\Knee X-ray Images\MedicalExpert-II\MedicalExpert-II\1Doubtful\DoubtfulG1 (47).png,1Doubtful,1,Doubtful
full code\Knee X-ray Images\MedicalExpert-I\MedicalExpert-I\0Normal\NormalG0 (16).png,0Normal,0,Normal
full code\Knee X-ray Images\MedicalExpert-II\MedicalExpert-II\2Mild\MildG2 (191).png,2Mild,2,Mild
full code\Knee X-ray Images\MedicalExpert-I\MedicalExpert-I\3Moderate\ModerateG3 (194).png,3Moderate,3,Moderate
full code\Knee X-ray Images\MedicalExpert-I\MedicalExpert-I\1Doubtful\DoubtfulG1 (122).png,1Doubtful,1,Doubtful
full code\Knee X-ray Images\MedicalExpert-I\MedicalExpert-I\1Doubtful\DoubtfulG1 (81).png,1Doubtful,1,Doubtful
full code\Knee X-ray Images\MedicalExpert-II\MedicalExpert-II\0Normal\NormalG0 (366).png,0Normal,0,Normal
full code\Knee X-ray Images\MedicalExpert-II\MedicalExpert-II\1Doubtful\DoubtfulG1 (366).png,1Doubtful,1,Doubtful
full code\Knee X-ray Images\MedicalExpert-I\MedicalExpert-I\0Normal\NormalG0 (81).png,0Normal,0,Normal
full code\Knee X-ray Images\MedicalExpert-II\MedicalExpert-II\2Mild\MildG2 (209).png,2Mild,2,Mild
full code\Knee X-ray Images\MedicalExpert-II\MedicalExpert-II\4Severe\SevereG4 (66).png,4Severe,4,Severe
full code\Knee X-ray Images\MedicalExpert-I\MedicalExpert-I\4Severe\SevereG4 (166).png,4Severe,4,Severe
full code\Knee X-ray Images\MedicalExpert-II\MedicalExpert-II\3Moderate\ModerateG3 (180).png,3Moderate,3,Moderate
full code\Knee X-ray Images\MedicalExpert-I\MedicalExpert-I\3Moderate\ModerateG3 (158).png,3Moderate,3,Moderate
full code\Knee X-ray Images\MedicalExpert-II\MedicalExpert-II\0Normal\NormalG0 (212).png,0Normal,0,Normal
full code\Knee X-ray Images\MedicalExpert-I\MedicalExpert-I\1Doubtful\DoubtfulG1 (473).png,1Doubtful,1,Doubtful
full code\Knee X-ray Images\MedicalExpert-I\MedicalExpert-I\2Mild\MildG2 (186).png,2Mild,2,Mild
full code\Knee X-ray Images\MedicalExpert-I\MedicalExpert-I\0Normal\NormalG0 (239).png,0Normal,0,Normal
full code\Knee X-ray Images\MedicalExpert-II\MedicalExpert-II\1Doubtful\DoubtfulG1 (135).png,1Doubtful,1,Doubtful
full code\Knee X-ray Images\MedicalExpert-I\MedicalExpert-I\0Normal\NormalG0 (501).png,0Normal,0,Normal
full code\Knee X-ray Images\MedicalExpert-I\MedicalExpert-I\0Normal\NormalG0 (179).png,0Normal,0,Normal
full code\Knee X-ray Images\MedicalExpert-I\MedicalExpert-I\1Doubtful\DoubtfulG1 (444).png,1Doubtful,1,Doubtful
full code\Knee X-ray Images\MedicalExpert-I\MedicalExpert-I\1Doubtful\DoubtfulG1 (46).png,1Doubtful,1,Doubtful
full code\Knee X-ray Images\MedicalExpert-I\MedicalExpert-I\0Normal\NormalG0 (299).png,0Normal,0,Normal
full code\Knee X-ray Images\MedicalExpert-II\MedicalExpert-II\3Moderate\ModerateG3 (90).png,3Moderate,3,Moderate
full code\Knee X-ray Images\MedicalExpert-II\MedicalExpert-II\4Severe\SevereG4 (91).png,4Severe,4,Severe
full code\Knee X-ray Images\MedicalExpert-I\MedicalExpert-I\1Doubtful\DoubtfulG1 (57).png,1Doubtful,1,Doubtful
full code\Knee X-ray Images\MedicalExpert-II\MedicalExpert-II\4Severe\SevereG4 (120).png,4Severe,4,Severe
full code\Knee X-ray Images\MedicalExpert-II\MedicalExpert-II\3Moderate\ModerateG3 (46).png,3Moderate,3,Moderate
full code\Knee X-ray Images\MedicalExpert-I\MedicalExpert-I\1Doubtful\DoubtfulG1 (402).png,1Doubtful,1,Doubtful
full code\Knee X-ray Images\MedicalExpert-I\MedicalExpert-I\2Mild\MildG2 (140).png,2Mild,2,Mild
full code\Knee X-ray Images\MedicalExpert-I\MedicalExpert-I\2Mild\MildG2 (78).png,2Mild,2,Mild
full code\Knee X-ray Images\MedicalExpert-II\MedicalExpert-II\4Severe\SevereG4 (22).png,4Severe,4,Severe
full code\Knee X-ray Images\MedicalExpert-II\MedicalExpert-II\1Doubtful\DoubtfulG1 (443).png,1Doubtful,1,Doubtful
full code\Knee X-ray Images\MedicalExpert-I\MedicalExpert-I\3Moderate\ModerateG3 (173).png,3Moderate,3,Moderate
full code\Knee X-ray Images\MedicalExpert-I\MedicalExpert-I\0Normal\NormalG0 (369).png,0Normal,0,Normal
full code\Knee X-ray Images\MedicalExpert-II\MedicalExpert-II\1Doubtful\DoubtfulG1 (458).png,1Doubtful,1,Doubtful
full code\Knee X-ray Images\MedicalExpert-I\MedicalExpert-I\0Normal\NormalG0 (126).png,0Normal,0,Normal
full code\Knee X-ray Images\MedicalExpert-II\MedicalExpert-II\1Doubtful\DoubtfulG1 (337).png,1Doubtful,1,Doubtful
full code\Knee X-ray Images\MedicalExpert-II\MedicalExpert-II\0Normal\NormalG0 (155).png,0Normal,0,Normal
full code\Knee X-ray Images\MedicalExpert-II\MedicalExpert-II\1Doubtful\DoubtfulG1 (182).png,1Doubtful,1,Doubtful
full code\Knee X-ray Images\MedicalExpert-I\MedicalExpert-I\0Normal\NormalG0 (196).png,0Normal,0,Normal
full code\Knee X-ray Images\MedicalExpert-II\MedicalExpert-II\3Moderate\ModerateG3 (155).png,3Moderate,3,Moderate
full code\Knee X-ray Images\MedicalExpert-II\MedicalExpert-II\1Doubtful\DoubtfulG1 (357).png,1Doubtful,1,Doubtful
full code\Knee X-ray Images\MedicalExpert-I\MedicalExpert-I\4Severe\SevereG4 (106).png,4Severe,4,Severe
full code\Knee X-ray Images\MedicalExpert-I\MedicalExpert-I\0Normal\NormalG0 (227).png,0Normal,0,Normal
full code\Knee X-ray Images\MedicalExpert-II\MedicalExpert-II\0Normal\NormalG0 (248).png,0Normal,0,Normal
full code\Knee X-ray Images\MedicalExpert-I\MedicalExpert-I\1Doubtful\DoubtfulG1 (148).png,1Doubtful,1,Doubtful
full code\Knee X-ray Images\MedicalExpert-I\MedicalExpert-I\2Mild\MildG2 (23).png,2Mild,2,Mild
full code\Knee X-ray Images\MedicalExpert-II\MedicalExpert-II\0Normal\NormalG0 (160).png,0Normal,0,Normal
full code\Knee X-ray Images\MedicalExpert-I\MedicalExpert-I\1Doubtful\DoubtfulG1 (434).png,1Doubtful,1,Doubtful
full code\Knee X-ray Images\MedicalExpert-I\MedicalExpert-I\3Moderate\ModerateG3 (106).png,3Moderate,3,Moderate
full code\Knee X-ray Images\MedicalExpert-II\MedicalExpert-II\1Doubtful\DoubtfulG1 (72).png,1Doubtful,1,Doubtful
full code\Knee X-ray Images\MedicalExpert-II\MedicalExpert-II\0Normal\NormalG0 (438).png,0Normal,0,Normal
full code\Knee X-ray Images\MedicalExpert-II\MedicalExpert-II\0Normal\NormalG0 (348).png,0Normal,0,Normal
full code\Knee X-ray Images\MedicalExpert-II\MedicalExpert-II\1Doubtful\DoubtfulG1 (307).png,1Doubtful,1,Doubtful
full code\Knee X-ray Images\MedicalExpert-II\MedicalExpert-II\4Severe\SevereG4 (184).png,4Severe,4,Severe
full code\Knee X-ray Images\MedicalExpert-I\MedicalExpert-I\2Mild\MildG2 (189).png,2Mild,2,Mild
full code\Knee X-ray Images\MedicalExpert-I\MedicalExpert-I\4Severe\SevereG4 (119).png,4Severe,4,Severe
full code\Knee X-ray Images\MedicalExpert-II\MedicalExpert-II\1Doubtful\DoubtfulG1 (392).png,1Doubtful,1,Doubtful
full code\Knee X-ray Images\MedicalExpert-I\MedicalExpert-I\4Severe\SevereG4 (75).png,4Severe,4,Severe
full code\Knee X-ray Images\MedicalExpert-I\MedicalExpert-I\1Doubtful\DoubtfulG1 (355).png,1Doubtful,1,Doubtful
full code\Knee X-ray Images\MedicalExpert-II\MedicalExpert-II\0Normal\NormalG0 (421).png,0Normal,0,Normal
full code\Knee X-ray Images\MedicalExpert-II\MedicalExpert-II\1Doubtful\DoubtfulG1 (311).png,1Doubtful,1,Doubtful
full code\Knee X-ray Images\MedicalExpert-II\MedicalExpert-II\4Severe\SevereG4 (146).png,4Severe,4,Severe
full code\Knee X-ray Images\MedicalExpert-I\MedicalExpert-I\0Normal\NormalG0 (55).png,0Normal,0,Normal
full code\Knee X-ray Images\MedicalExpert-II\MedicalExpert-II\4Severe\SevereG4 (18).png,4Severe,4,Severe
full code\Knee X-ray Images\MedicalExpert-II\MedicalExpert-II\0Normal\NormalG0 (257).png,0Normal,0,Normal
full code\Knee X-ray Images\MedicalExpert-II\MedicalExpert-II\0Normal\NormalG0 (432).png,0Normal,0,Normal
full code\Knee X-ray Images\MedicalExpert-II\MedicalExpert-II\1Doubtful\DoubtfulG1 (48).png,1Doubtful,1,Doubtful
full code\Knee X-ray Images\MedicalExpert-II\MedicalExpert-II\3Moderate\ModerateG3 (73).png,3Moderate,3,Moderate
full code\Knee X-ray Images\MedicalExpert-I\MedicalExpert-I\2Mild\MildG2 (179).png,2Mild,2,Mild
full code\Knee X-ray Images\MedicalExpert-I\MedicalExpert-I\4Severe\SevereG4 (134).png,4Severe,4,Severe
full code\Knee X-ray Images\MedicalExpert-II\MedicalExpert-II\1Doubtful\DoubtfulG1 (318).png,1Doubtful,1,Doubtful
full code\Knee X-ray Images\MedicalExpert-II\MedicalExpert-II\0Normal\NormalG0 (89).png,0Normal,0,Normal
full code\Knee X-ray Images\MedicalExpert-I\MedicalExpert-I\1Doubtful\DoubtfulG1 (456).png,1Doubtful,1,Doubtful
full code\Knee X-ray Images\MedicalExpert-II\MedicalExpert-II\1Doubtful\DoubtfulG1 (217).png,1Doubtful,1,Doubtful
full code\Knee X-ray Images\MedicalExpert-I\MedicalExpert-I\4Severe\SevereG4 (189).png,4Severe,4,Severe
full code\Knee X-ray Images\MedicalExpert-I\MedicalExpert-I\2Mild\MildG2 (144).png,2Mild,2,Mild
full code\Knee X-ray Images\MedicalExpert-I\MedicalExpert-I\4Severe\SevereG4 (78).png,4Severe,4,Severe
full code\Knee X-ray Images\MedicalExpert-II\MedicalExpert-II\2Mild\MildG2 (26).png,2Mild,2,Mild
full code\Knee X-ray Images\MedicalExpert-I\MedicalExpert-I\3Moderate\ModerateG3 (190).png,3Moderate,3,Moderate
full code\Knee X-ray Images\MedicalExpert-II\MedicalExpert-II\2Mild\MildG2 (75).png,2Mild,2,Mild
full code\Knee X-ray Images\MedicalExpert-II\MedicalExpert-II\0Normal\NormalG0 (207).png,0Normal,0,Normal
full code\Knee X-ray Images\MedicalExpert-I\MedicalExpert-I\1Doubtful\DoubtfulG1 (134).png,1Doubtful,1,Doubtful
full code\Knee X-ray Images\MedicalExpert-II\MedicalExpert-II\2Mild\MildG2 (133).png,2Mild,2,Mild
full code\Knee X-ray Images\MedicalExpert-I\MedicalExpert-I\0Normal\NormalG0 (307).png,0Normal,0,Normal
full code\Knee X-ray Images\MedicalExpert-I\MedicalExpert-I\1Doubtful\DoubtfulG1 (342).png,1Doubtful,1,Doubtful
full code\Knee X-ray Images\MedicalExpert-I\MedicalExpert-I\1Doubtful\DoubtfulG1 (463).png,1Doubtful,1,Doubtful
full code\Knee X-ray Images\MedicalExpert-I\MedicalExpert-I\0Normal\NormalG0 (193).png,0Normal,0,Normal
full code\Knee X-ray Images\MedicalExpert-I\MedicalExpert-I\3Moderate\ModerateG3 (61).png,3Moderate,3,Moderate
full code\Knee X-ray Images\MedicalExpert-II\MedicalExpert-II\0Normal\NormalG0 (394).png,0Normal,0,Normal
full code\Knee X-ray Images\MedicalExpert-I\MedicalExpert-I\4Severe\SevereG4 (206).png,4Severe,4,Severe
full code\Knee X-ray Images\MedicalExpert-I\MedicalExpert-I\0Normal\NormalG0 (240).png,0Normal,0,Normal
full code\Knee X-ray Images\MedicalExpert-II\MedicalExpert-II\0Normal\NormalG0 (506).png,0Normal,0,Normal
full code\Knee X-ray Images\MedicalExpert-II\MedicalExpert-II\1Doubtful\DoubtfulG1 (136).png,1Doubtful,1,Doubtful
full code\Knee X-ray Images\MedicalExpert-I\MedicalExpert-I\4Severe\SevereG4 (184).png,4Severe,4,Severe
full code\Knee X-ray Images\MedicalExpert-I\MedicalExpert-I\1Doubtful\DoubtfulG1 (435).png,1Doubtful,1,Doubtful
full code\Knee X-ray Images\MedicalExpert-I\MedicalExpert-I\4Severe\SevereG4 (163).png,4Severe,4,Severe
full code\Knee X-ray Images\MedicalExpert-II\MedicalExpert-II\4Severe\SevereG4 (145).png,4Severe,4,Severe
full code\Knee X-ray Images\MedicalExpert-II\MedicalExpert-II\3Moderate\ModerateG3 (6).png,3Moderate,3,Moderate
full code\Knee X-ray Images\MedicalExpert-II\MedicalExpert-II\4Severe\SevereG4 (114).png,4Severe,4,Severe
full code\Knee X-ray Images\MedicalExpert-I\MedicalExpert-I\1Doubtful\DoubtfulG1 (230).png,1Doubtful,1,Doubtful
full code\Knee X-ray Images\MedicalExpert-I\MedicalExpert-I\0Normal\NormalG0 (312).png,0Normal,0,Normal
full code\Knee X-ray Images\MedicalExpert-I\MedicalExpert-I\1Doubtful\DoubtfulG1 (242).png,1Doubtful,1,Doubtful
full code\Knee X-ray Images\MedicalExpert-II\MedicalExpert-II\0Normal\NormalG0 (446).png,0Normal,0,Normal
full code\Knee X-ray Images\MedicalExpert-II\MedicalExpert-II\0Normal\NormalG0 (375).png,0Normal,0,Normal
full code\Knee X-ray Images\MedicalExpert-II\MedicalExpert-II\4Severe\SevereG4 (64).png,4Severe,4,Severe
full code\Knee X-ray Images\MedicalExpert-II\MedicalExpert-II\1Doubtful\DoubtfulG1 (247).png,1Doubtful,1,Doubtful
full code\Knee X-ray Images\MedicalExpert-II\MedicalExpert-II\3Moderate\ModerateG3 (66).png,3Moderate,3,Moderate
full code\Knee X-ray Images\MedicalExpert-I\MedicalExpert-I\1Doubtful\DoubtfulG1 (376).png,1Doubtful,1,Doubtful
full code\Knee X-ray Images\MedicalExpert-II\MedicalExpert-II\1Doubtful\DoubtfulG1 (69).png,1Doubtful,1,Doubtful
full code\Knee X-ray Images\MedicalExpert-II\MedicalExpert-II\1Doubtful\DoubtfulG1 (377).png,1Doubtful,1,Doubtful
full code\Knee X-ray Images\MedicalExpert-II\MedicalExpert-II\4Severe\SevereG4 (200).png,4Severe,4,Severe
full code\Knee X-ray Images\MedicalExpert-II\MedicalExpert-II\2Mild\MildG2 (179).png,2Mild,2,Mild
full code\Knee X-ray Images\MedicalExpert-I\MedicalExpert-I\1Doubtful\DoubtfulG1 (222).png,1Doubtful,1,Doubtful
full code\Knee X-ray Images\MedicalExpert-II\MedicalExpert-II\2Mild\MildG2 (172).png,2Mild,2,Mild
full code\Knee X-ray Images\MedicalExpert-I\MedicalExpert-I\2Mild\MildG2 (26).png,2Mild,2,Mild
full code\Knee X-ray Images\MedicalExpert-I\MedicalExpert-I\2Mild\MildG2 (63).png,2Mild,2,Mild
full code\Knee X-ray Images\MedicalExpert-I\MedicalExpert-I\1Doubtful\DoubtfulG1 (158).png,1Doubtful,1,Doubtful
full code\Knee X-ray Images\MedicalExpert-II\MedicalExpert-II\0Normal\NormalG0 (292).png,0Normal,0,Normal
full code\Knee X-ray Images\MedicalExpert-I\MedicalExpert-I\0Normal\NormalG0 (322).png,0Normal,0,Normal
full code\Knee X-ray Images\MedicalExpert-II\MedicalExpert-II\0Normal\NormalG0 (491).png,0Normal,0,Normal
full code\Knee X-ray Images\MedicalExpert-II\MedicalExpert-II\2Mild\MildG2 (5).png,2Mild,2,Mild
full code\Knee X-ray Images\MedicalExpert-II\MedicalExpert-II\1Doubtful\DoubtfulG1 (420).png,1Doubtful,1,Doubtful
full code\Knee X-ray Images\MedicalExpert-II\MedicalExpert-II\0Normal\NormalG0 (235).png,0Normal,0,Normal
full code\Knee X-ray Images\MedicalExpert-II\MedicalExpert-II\1Doubtful\DoubtfulG1 (109).png,1Doubtful,1,Doubtful
full code\Knee X-ray Images\MedicalExpert-I\MedicalExpert-I\3Moderate\ModerateG3 (175).png,3Moderate,3,Moderate
full code\Knee X-ray Images\MedicalExpert-II\MedicalExpert-II\2Mild\MildG2 (124).png,2Mild,2,Mild
full code\Knee X-ray Images\MedicalExpert-II\MedicalExpert-II\1Doubtful\DoubtfulG1 (195).png,1Doubtful,1,Doubtful
full code\Knee X-ray Images\MedicalExpert-I\MedicalExpert-I\3Moderate\ModerateG3 (94).png,3Moderate,3,Moderate
full code\Knee X-ray Images\MedicalExpert-I\MedicalExpert-I\3Moderate\ModerateG3 (199).png,3Moderate,3,Moderate
full code\Knee X-ray Images\MedicalExpert-II\MedicalExpert-II\2Mild\MildG2 (125).png,2Mild,2,Mild
full code\Knee X-ray Images\MedicalExpert-II\MedicalExpert-II\4Severe\SevereG4 (13).png,4Severe,4,Severe
full code\Knee X-ray Images\MedicalExpert-I\MedicalExpert-I\4Severe\SevereG4 (154).png,4Severe,4,Severe
full code\Knee X-ray Images\MedicalExpert-I\MedicalExpert-I\1Doubtful\DoubtfulG1 (422).png,1Doubtful,1,Doubtful
full code\Knee X-ray Images\MedicalExpert-II\MedicalExpert-II\1Doubtful\DoubtfulG1 (104).png,1Doubtful,1,Doubtful
full code\Knee X-ray Images\MedicalExpert-II\MedicalExpert-II\4Severe\SevereG4 (77).png,4Severe,4,Severe
full code\Knee X-ray Images\MedicalExpert-II\MedicalExpert-II\2Mild\MildG2 (225).png,2Mild,2,Mild
full code\Knee X-ray Images\MedicalExpert-II\MedicalExpert-II\4Severe\SevereG4 (147).png,4Severe,4,Severe
full code\Knee X-ray Images\MedicalExpert-II\MedicalExpert-II\0Normal\NormalG0 (168).png,0Normal,0,Normal
full code\Knee X-ray Images\MedicalExpert-I\MedicalExpert-I\0Normal\NormalG0 (154).png,0Normal,0,Normal
full code\Knee X-ray Images\MedicalExpert-II\MedicalExpert-II\0Normal\NormalG0 (459).png,0Normal,0,Normal
full code\Knee X-ray Images\MedicalExpert-II\MedicalExpert-II\2Mild\MildG2 (211).png,2Mild,2,Mild
full code\Knee X-ray Images\MedicalExpert-I\MedicalExpert-I\1Doubtful\DoubtfulG1 (391).png,1Doubtful,1,Doubtful
full code\Knee X-ray Images\MedicalExpert-I\MedicalExpert-I\1Doubtful\DoubtfulG1 (388).png,1Doubtful,1,Doubtful
full code\Knee X-ray Images\MedicalExpert-I\MedicalExpert-I\4Severe\SevereG4 (160).png,4Severe,4,Severe
full code\Knee X-ray Images\MedicalExpert-II\MedicalExpert-II\1Doubtful\DoubtfulG1 (102).png,1Doubtful,1,Doubtful
full code\Knee X-ray Images\MedicalExpert-II\MedicalExpert-II\1Doubtful\DoubtfulG1 (153).png,1Doubtful,1,Doubtful
full code\Knee X-ray Images\MedicalExpert-II\MedicalExpert-II\0Normal\NormalG0 (5).png,0Normal,0,Normal
full code\Knee X-ray Images\MedicalExpert-II\MedicalExpert-II\2Mild\MildG2 (152).png,2Mild,2,Mild
full code\Knee X-ray Images\MedicalExpert-II\MedicalExpert-II\0Normal\NormalG0 (417).png,0Normal,0,Normal
full code\Knee X-ray Images\MedicalExpert-II\MedicalExpert-II\3Moderate\ModerateG3 (109).png,3Moderate,3,Moderate
full code\Knee X-ray Images\MedicalExpert-I\MedicalExpert-I\0Normal\NormalG0 (493).png,0Normal,0,Normal
full code\Knee X-ray Images\MedicalExpert-I\MedicalExpert-I\0Normal\NormalG0 (242).png,0Normal,0,Normal
full code\Knee X-ray Images\MedicalExpert-II\MedicalExpert-II\1Doubtful\DoubtfulG1 (413).png,1Doubtful,1,Doubtful
full code\Knee X-ray Images\MedicalExpert-II\MedicalExpert-II\0Normal\NormalG0 (80).png,0Normal,0,Normal
full code\Knee X-ray Images\MedicalExpert-II\MedicalExpert-II\0Normal\NormalG0 (132).png,0Normal,0,Normal
full code\Knee X-ray Images\MedicalExpert-I\MedicalExpert-I\1Doubtful\DoubtfulG1 (202).png,1Doubtful,1,Doubtful
full code\Knee X-ray Images\MedicalExpert-II\MedicalExpert-II\4Severe\SevereG4 (8).png,4Severe,4,Severe
full code\Knee X-ray Images\MedicalExpert-II\MedicalExpert-II\4Severe\SevereG4 (116).png,4Severe,4,Severe
full code\Knee X-ray Images\MedicalExpert-II\MedicalExpert-II\4Severe\SevereG4 (52).png,4Severe,4,Severe
full code\Knee X-ray Images\MedicalExpert-II\MedicalExpert-II\4Severe\SevereG4 (27).png,4Severe,4,Severe
full code\Knee X-ray Images\MedicalExpert-I\MedicalExpert-I\4Severe\SevereG4 (108).png,4Severe,4,Severe
full code\Knee X-ray Images\MedicalExpert-I\MedicalExpert-I\0Normal\NormalG0 (503).png,0Normal,0,Normal
full code\Knee X-ray Images\MedicalExpert-II\MedicalExpert-II\3Moderate\ModerateG3 (4).png,3Moderate,3,Moderate
full code\Knee X-ray Images\MedicalExpert-II\MedicalExpert-II\3Moderate\ModerateG3 (30).png,3Moderate,3,Moderate
full code\Knee X-ray Images\MedicalExpert-I\MedicalExpert-I\0Normal\NormalG0 (198).png,0Normal,0,Normal
full code\Knee X-ray Images\MedicalExpert-II\MedicalExpert-II\3Moderate\ModerateG3 (63).png,3Moderate,3,Moderate
full code\Knee X-ray Images\MedicalExpert-I\MedicalExpert-I\0Normal\NormalG0 (379).png,0Normal,0,Normal
full code\Knee X-ray Images\MedicalExpert-I\MedicalExpert-I\0Normal\NormalG0 (403).png,0Normal,0,Normal
full code\Knee X-ray Images\MedicalExpert-II\MedicalExpert-II\1Doubtful\DoubtfulG1 (167).png,1Doubtful,1,Doubtful
full code\Knee X-ray Images\MedicalExpert-I\MedicalExpert-I\0Normal\NormalG0 (30).png,0Normal,0,Normal
full code\Knee X-ray Images\MedicalExpert-II\MedicalExpert-II\4Severe\SevereG4 (38).png,4Severe,4,Severe
full code\Knee X-ray Images\MedicalExpert-II\MedicalExpert-II\2Mild\MildG2 (137).png,2Mild,2,Mild
full code\Knee X-ray Images\MedicalExpert-I\MedicalExpert-I\1Doubtful\DoubtfulG1 (65).png,1Doubtful,1,Doubtful
full code\Knee X-ray Images\MedicalExpert-I\MedicalExpert-I\0Normal\NormalG0 (458).png,0Normal,0,Normal
full code\Knee X-ray Images\MedicalExpert-II\MedicalExpert-II\0Normal\NormalG0 (460).png,0Normal,0,Normal
full code\Knee X-ray Images\MedicalExpert-I\MedicalExpert-I\2Mild\MildG2 (130).png,2Mild,2,Mild
full code\Knee X-ray Images\MedicalExpert-I\MedicalExpert-I\1Doubtful\DoubtfulG1 (403).png,1Doubtful,1,Doubtful
full code\Knee X-ray Images\MedicalExpert-I\MedicalExpert-I\2Mild\MildG2 (11).png,2Mild,2,Mild
full code\Knee X-ray Images\MedicalExpert-II\MedicalExpert-II\0Normal\NormalG0 (32).png,0Normal,0,Normal
full code\Knee X-ray Images\MedicalExpert-II\MedicalExpert-II\0Normal\NormalG0 (400).png,0Normal,0,Normal
full code\Knee X-ray Images\MedicalExpert-II\MedicalExpert-II\4Severe\SevereG4 (31).png,4Severe,4,Severe
full code\Knee X-ray Images\MedicalExpert-I\MedicalExpert-I\0Normal\NormalG0 (70).png,0Normal,0,Normal
full code\Knee X-ray Images\MedicalExpert-I\MedicalExpert-I\3Moderate\ModerateG3 (32).png,3Moderate,3,Moderate
full code\Knee X-ray Images\MedicalExpert-I\MedicalExpert-I\2Mild\MildG2 (99).png,2Mild,2,Mild
full code\Knee X-ray Images\MedicalExpert-I\MedicalExpert-I\1Doubtful\DoubtfulG1 (146).png,1Doubtful,1,Doubtful
full code\Knee X-ray Images\MedicalExpert-II\MedicalExpert-II\1Doubtful\DoubtfulG1 (467).png,1Doubtful,1,Doubtful
full code\Knee X-ray Images\MedicalExpert-I\MedicalExpert-I\4Severe\SevereG4 (85).png,4Severe,4,Severe
full code\Knee X-ray Images\MedicalExpert-II\MedicalExpert-II\2Mild\MildG2 (184).png,2Mild,2,Mild
full code\Knee X-ray Images\MedicalExpert-II\MedicalExpert-II\2Mild\MildG2 (27).png,2Mild,2,Mild
full code\Knee X-ray Images\MedicalExpert-I\MedicalExpert-I\1Doubtful\DoubtfulG1 (190).png,1Doubtful,1,Doubtful
full code\Knee X-ray Images\MedicalExpert-II\MedicalExpert-II\3Moderate\ModerateG3 (191).png,3Moderate,3,Moderate
full code\Knee X-ray Images\MedicalExpert-II\MedicalExpert-II\2Mild\MildG2 (19).png,2Mild,2,Mild
full code\Knee X-ray Images\MedicalExpert-II\MedicalExpert-II\1Doubtful\DoubtfulG1 (125).png,1Doubtful,1,Doubtful
full code\Knee X-ray Images\MedicalExpert-II\MedicalExpert-II\2Mild\MildG2 (174).png,2Mild,2,Mild
full code\Knee X-ray Images\MedicalExpert-II\MedicalExpert-II\2Mild\MildG2 (7).png,2Mild,2,Mild
full code\Knee X-ray Images\MedicalExpert-II\MedicalExpert-II\3Moderate\ModerateG3 (123).png,3Moderate,3,Moderate
full code\Knee X-ray Images\MedicalExpert-II\MedicalExpert-II\4Severe\SevereG4 (95).png,4Severe,4,Severe
full code\Knee X-ray Images\MedicalExpert-I\MedicalExpert-I\2Mild\MildG2 (160).png,2Mild,2,Mild
full code\Knee X-ray Images\MedicalExpert-II\MedicalExpert-II\0Normal\NormalG0 (465).png,0Normal,0,Normal
full code\Knee X-ray Images\MedicalExpert-I\MedicalExpert-I\0Normal\NormalG0 (492).png,0Normal,0,Normal
full code\Knee X-ray Images\MedicalExpert-I\MedicalExpert-I\3Moderate\ModerateG3 (35).png,3Moderate,3,Moderate
full code\Knee X-ray Images\MedicalExpert-I\MedicalExpert-I\3Moderate\ModerateG3 (151).png,3Moderate,3,Moderate
full code\Knee X-ray Images\MedicalExpert-I\MedicalExpert-I\0Normal\NormalG0 (432).png,0Normal,0,Normal
full code\Knee X-ray Images\MedicalExpert-II\MedicalExpert-II\0Normal\NormalG0 (493).png,0Normal,0,Normal
full code\Knee X-ray Images\MedicalExpert-II\MedicalExpert-II\2Mild\MildG2 (117).png,2Mild,2,Mild
full code\Knee X-ray Images\MedicalExpert-II\MedicalExpert-II\2Mild\MildG2 (102).png,2Mild,2,Mild
full code\Knee X-ray Images\MedicalExpert-I\MedicalExpert-I\1Doubtful\DoubtfulG1 (474).png,1Doubtful,1,Doubtful
full code\Knee X-ray Images\MedicalExpert-II\MedicalExpert-II\4Severe\SevereG4 (124).png,4Severe,4,Severe
full code\Knee X-ray Images\MedicalExpert-II\MedicalExpert-II\2Mild\MildG2 (13).png,2Mild,2,Mild
full code\Knee X-ray Images\MedicalExpert-I\MedicalExpert-I\1Doubtful\DoubtfulG1 (187).png,1Doubtful,1,Doubtful
full code\Knee X-ray Images\MedicalExpert-II\MedicalExpert-II\2Mild\MildG2 (219).png,2Mild,2,Mild
full code\Knee X-ray Images\MedicalExpert-I\MedicalExpert-I\1Doubtful\DoubtfulG1 (73).png,1Doubtful,1,Doubtful
full code\Knee X-ray Images\MedicalExpert-II\MedicalExpert-II\2Mild\MildG2 (187).png,2Mild,2,Mild
full code\Knee X-ray Images\MedicalExpert-I\MedicalExpert-I\4Severe\SevereG4 (100).png,4Severe,4,Severe
full code\Knee X-ray Images\MedicalExpert-II\MedicalExpert-II\1Doubtful\DoubtfulG1 (212).png,1Doubtful,1,Doubtful
full code\Knee X-ray Images\MedicalExpert-II\MedicalExpert-II\4Severe\SevereG4 (187).png,4Severe,4,Severe
full code\Knee X-ray Images\MedicalExpert-II\MedicalExpert-II\1Doubtful\DoubtfulG1 (261).png,1Doubtful,1,Doubtful
full code\Knee X-ray Images\MedicalExpert-II\MedicalExpert-II\1Doubtful\DoubtfulG1 (278).png,1Doubtful,1,Doubtful
full code\Knee X-ray Images\MedicalExpert-II\MedicalExpert-II\2Mild\MildG2 (41).png,2Mild,2,Mild
full code\Knee X-ray Images\MedicalExpert-I\MedicalExpert-I\0Normal\NormalG0 (172).png,0Normal,0,Normal
full code\Knee X-ray Images\MedicalExpert-I\MedicalExpert-I\1Doubtful\DoubtfulG1 (32).png,1Doubtful,1,Doubtful
full code\Knee X-ray Images\MedicalExpert-II\MedicalExpert-II\0Normal\NormalG0 (67).png,0Normal,0,Normal
full code\Knee X-ray Images\MedicalExpert-I\MedicalExpert-I\1Doubtful\DoubtfulG1 (21).png,1Doubtful,1,Doubtful
full code\Knee X-ray Images\MedicalExpert-I\MedicalExpert-I\2Mild\MildG2 (66).png,2Mild,2,Mild
full code\Knee X-ray Images\MedicalExpert-II\MedicalExpert-II\0Normal\NormalG0 (57).png,0Normal,0,Normal
full code\Knee X-ray Images\MedicalExpert-I\MedicalExpert-I\1Doubtful\DoubtfulG1 (354).png,1Doubtful,1,Doubtful
full code\Knee X-ray Images\MedicalExpert-I\MedicalExpert-I\0Normal\NormalG0 (465).png,0Normal,0,Normal
full code\Knee X-ray Images\MedicalExpert-II\MedicalExpert-II\4Severe\SevereG4 (151).png,4Severe,4,Severe
full code\Knee X-ray Images\MedicalExpert-II\MedicalExpert-II\2Mild\MildG2 (205).png,2Mild,2,Mild
full code\Knee X-ray Images\MedicalExpert-II\MedicalExpert-II\4Severe\SevereG4 (201).png,4Severe,4,Severe
full code\Knee X-ray Images\MedicalExpert-I\MedicalExpert-I\0Normal\NormalG0 (449).png,0Normal,0,Normal
full code\Knee X-ray Images\MedicalExpert-I\MedicalExpert-I\0Normal\NormalG0 (386).png,0Normal,0,Normal
full code\Knee X-ray Images\MedicalExpert-II\MedicalExpert-II\4Severe\SevereG4 (137).png,4Severe,4,Severe
full code\Knee X-ray Images\MedicalExpert-I\MedicalExpert-I\0Normal\NormalG0 (233).png,0Normal,0,Normal
full code\Knee X-ray Images\MedicalExpert-I\MedicalExpert-I\0Normal\NormalG0 (485).png,0Normal,0,Normal
full code\Knee X-ray Images\MedicalExpert-I\MedicalExpert-I\1Doubtful\DoubtfulG1 (180).png,1Doubtful,1,Doubtful
full code\Knee X-ray Images\MedicalExpert-II\MedicalExpert-II\3Moderate\ModerateG3 (98).png,3Moderate,3,Moderate
full code\Knee X-ray Images\MedicalExpert-II\MedicalExpert-II\1Doubtful\DoubtfulG1 (57).png,1Doubtful,1,Doubtful
full code\Knee X-ray Images\MedicalExpert-II\MedicalExpert-II\1Doubtful\DoubtfulG1 (257).png,1Doubtful,1,Doubtful
full code\Knee X-ray Images\MedicalExpert-II\MedicalExpert-II\1Doubtful\DoubtfulG1 (482).png,1Doubtful,1,Doubtful
full code\Knee X-ray Images\MedicalExpert-I\MedicalExpert-I\0Normal\NormalG0 (489).png,0Normal,0,Normal
full code\Knee X-ray Images\MedicalExpert-II\MedicalExpert-II\2Mild\MildG2 (228).png,2Mild,2,Mild
full code\Knee X-ray Images\MedicalExpert-II\MedicalExpert-II\3Moderate\ModerateG3 (21).png,3Moderate,3,Moderate
full code\Knee X-ray Images\MedicalExpert-II\MedicalExpert-II\4Severe\SevereG4 (12).png,4Severe,4,Severe
full code\Knee X-ray Images\MedicalExpert-I\MedicalExpert-I\1Doubtful\DoubtfulG1 (255).png,1Doubtful,1,Doubtful
full code\Knee X-ray Images\MedicalExpert-I\MedicalExpert-I\1Doubtful\DoubtfulG1 (185).png,1Doubtful,1,Doubtful
full code\Knee X-ray Images\MedicalExpert-I\MedicalExpert-I\2Mild\MildG2 (64).png,2Mild,2,Mild
full code\Knee X-ray Images\MedicalExpert-I\MedicalExpert-I\0Normal\NormalG0 (225).png,0Normal,0,Normal
full code\Knee X-ray Images\MedicalExpert-II\MedicalExpert-II\0Normal\NormalG0 (220).png,0Normal,0,Normal
full code\Knee X-ray Images\MedicalExpert-II\MedicalExpert-II\2Mild\MildG2 (112).png,2Mild,2,Mild
full code\Knee X-ray Images\MedicalExpert-I\MedicalExpert-I\4Severe\SevereG4 (39).png,4Severe,4,Severe
full code\Knee X-ray Images\MedicalExpert-I\MedicalExpert-I\3Moderate\ModerateG3 (146).png,3Moderate,3,Moderate
full code\Knee X-ray Images\MedicalExpert-I\MedicalExpert-I\4Severe\SevereG4 (170).png,4Severe,4,Severe
full code\Knee X-ray Images\MedicalExpert-I\MedicalExpert-I\1Doubtful\DoubtfulG1 (383).png,1Doubtful,1,Doubtful
full code\Knee X-ray Images\MedicalExpert-I\MedicalExpert-I\2Mild\MildG2 (219).png,2Mild,2,Mild
full code\Knee X-ray Images\MedicalExpert-II\MedicalExpert-II\0Normal\NormalG0 (453).png,0Normal,0,Normal
full code\Knee X-ray Images\MedicalExpert-I\MedicalExpert-I\3Moderate\ModerateG3 (118).png,3Moderate,3,Moderate
full code\Knee X-ray Images\MedicalExpert-I\MedicalExpert-I\4Severe\SevereG4 (141).png,4Severe,4,Severe
full code\Knee X-ray Images\MedicalExpert-II\MedicalExpert-II\2Mild\MildG2 (197).png,2Mild,2,Mild
full code\Knee X-ray Images\MedicalExpert-II\MedicalExpert-II\2Mild\MildG2 (103).png,2Mild,2,Mild
full code\Knee X-ray Images\MedicalExpert-II\MedicalExpert-II\1Doubtful\DoubtfulG1 (127).png,1Doubtful,1,Doubtful
full code\Knee X-ray Images\MedicalExpert-II\MedicalExpert-II\1Doubtful\DoubtfulG1 (154).png,1Doubtful,1,Doubtful
full code\Knee X-ray Images\MedicalExpert-I\MedicalExpert-I\0Normal\NormalG0 (247).png,0Normal,0,Normal
full code\Knee X-ray Images\MedicalExpert-II\MedicalExpert-II\1Doubtful\DoubtfulG1 (270).png,1Doubtful,1,Doubtful
full code\Knee X-ray Images\MedicalExpert-I\MedicalExpert-I\4Severe\SevereG4 (177).png,4Severe,4,Severe
full code\Knee X-ray Images\MedicalExpert-II\MedicalExpert-II\0Normal\NormalG0 (307).png,0Normal,0,Normal
full code\Knee X-ray Images\MedicalExpert-I\MedicalExpert-I\1Doubtful\DoubtfulG1 (386).png,1Doubtful,1,Doubtful
full code\Knee X-ray Images\MedicalExpert-II\MedicalExpert-II\1Doubtful\DoubtfulG1 (180).png,1Doubtful,1,Doubtful
full code\Knee X-ray Images\MedicalExpert-II\MedicalExpert-II\4Severe\SevereG4 (53).png,4Severe,4,Severe
full code\Knee X-ray Images\MedicalExpert-I\MedicalExpert-I\3Moderate\ModerateG3 (162).png,3Moderate,3,Moderate
full code\Knee X-ray Images\MedicalExpert-II\MedicalExpert-II\1Doubtful\DoubtfulG1 (11).png,1Doubtful,1,Doubtful
full code\Knee X-ray Images\MedicalExpert-I\MedicalExpert-I\3Moderate\ModerateG3 (96).png,3Moderate,3,Moderate
full code\Knee X-ray Images\MedicalExpert-I\MedicalExpert-I\0Normal\NormalG0 (74).png,0Normal,0,Normal
full code\Knee X-ray Images\MedicalExpert-I\MedicalExpert-I\0Normal\NormalG0 (204).png,0Normal,0,Normal
full code\Knee X-ray Images\MedicalExpert-II\MedicalExpert-II\0Normal\NormalG0 (236).png,0Normal,0,Normal
full code\Knee X-ray Images\MedicalExpert-II\MedicalExpert-II\1Doubtful\DoubtfulG1 (78).png,1Doubtful,1,Doubtful
full code\Knee X-ray Images\MedicalExpert-I\MedicalExpert-I\0Normal\NormalG0 (472).png,0Normal,0,Normal
full code\Knee X-ray Images\MedicalExpert-I\MedicalExpert-I\0Normal\NormalG0 (261).png,0Normal,0,Normal
full code\Knee X-ray Images\MedicalExpert-I\MedicalExpert-I\1Doubtful\DoubtfulG1 (34).png,1Doubtful,1,Doubtful
full code\Knee X-ray Images\MedicalExpert-II\MedicalExpert-II\0Normal\NormalG0 (199).png,0Normal,0,Normal
full code\Knee X-ray Images\MedicalExpert-I\MedicalExpert-I\2Mild\MildG2 (62).png,2Mild,2,Mild
full code\Knee X-ray Images\MedicalExpert-II\MedicalExpert-II\2Mild\MildG2 (149).png,2Mild,2,Mild
full code\Knee X-ray Images\MedicalExpert-II\MedicalExpert-II\4Severe\SevereG4 (193).png,4Severe,4,Severe
full code\Knee X-ray Images\MedicalExpert-II\MedicalExpert-II\4Severe\SevereG4 (122).png,4Severe,4,Severe
full code\Knee X-ray Images\MedicalExpert-II\MedicalExpert-II\0Normal\NormalG0 (156).png,0Normal,0,Normal
full code\Knee X-ray Images\MedicalExpert-I\MedicalExpert-I\0Normal\NormalG0 (420).png,0Normal,0,Normal
full code\Knee X-ray Images\MedicalExpert-I\MedicalExpert-I\3Moderate\ModerateG3 (141).png,3Moderate,3,Moderate
full code\Knee X-ray Images\MedicalExpert-II\MedicalExpert-II\1Doubtful\DoubtfulG1 (330).png,1Doubtful,1,Doubtful
full code\Knee X-ray Images\MedicalExpert-II\MedicalExpert-II\2Mild\MildG2 (156).png,2Mild,2,Mild
full code\Knee X-ray Images\MedicalExpert-II\MedicalExpert-II\3Moderate\ModerateG3 (118).png,3Moderate,3,Moderate
full code\Knee X-ray Images\MedicalExpert-I\MedicalExpert-I\2Mild\MildG2 (125).png,2Mild,2,Mild
full code\Knee X-ray Images\MedicalExpert-II\MedicalExpert-II\1Doubtful\DoubtfulG1 (364).png,1Doubtful,1,Doubtful
full code\Knee X-ray Images\MedicalExpert-I\MedicalExpert-I\1Doubtful\DoubtfulG1 (130).png,1Doubtful,1,Doubtful
full code\Knee X-ray Images\MedicalExpert-II\MedicalExpert-II\0Normal\NormalG0 (376).png,0Normal,0,Normal
full code\Knee X-ray Images\MedicalExpert-I\MedicalExpert-I\0Normal\NormalG0 (416).png,0Normal,0,Normal
full code\Knee X-ray Images\MedicalExpert-II\MedicalExpert-II\1Doubtful\DoubtfulG1 (124).png,1Doubtful,1,Doubtful
full code\Knee X-ray Images\MedicalExpert-I\MedicalExpert-I\1Doubtful\DoubtfulG1 (125).png,1Doubtful,1,Doubtful
full code\Knee X-ray Images\MedicalExpert-I\MedicalExpert-I\3Moderate\ModerateG3 (3).png,3Moderate,3,Moderate
full code\Knee X-ray Images\MedicalExpert-II\MedicalExpert-II\3Moderate\ModerateG3 (96).png,3Moderate,3,Moderate
full code\Knee X-ray Images\MedicalExpert-II\MedicalExpert-II\0Normal\NormalG0 (340).png,0Normal,0,Normal
full code\Knee X-ray Images\MedicalExpert-II\MedicalExpert-II\0Normal\NormalG0 (270).png,0Normal,0,Normal
full code\Knee X-ray Images\MedicalExpert-II\MedicalExpert-II\0Normal\NormalG0 (242).png,0Normal,0,Normal
full code\Knee X-ray Images\MedicalExpert-II\MedicalExpert-II\3Moderate\ModerateG3 (65).png,3Moderate,3,Moderate
full code\Knee X-ray Images\MedicalExpert-I\MedicalExpert-I\1Doubtful\DoubtfulG1 (193).png,1Doubtful,1,Doubtful
full code\Knee X-ray Images\MedicalExpert-I\MedicalExpert-I\3Moderate\ModerateG3 (79).png,3Moderate,3,Moderate
full code\Knee X-ray Images\MedicalExpert-II\MedicalExpert-II\4Severe\SevereG4 (4).png,4Severe,4,Severe
full code\Knee X-ray Images\MedicalExpert-II\MedicalExpert-II\0Normal\NormalG0 (223).png,0Normal,0,Normal
full code\Knee X-ray Images\MedicalExpert-II\MedicalExpert-II\3Moderate\ModerateG3 (101).png,3Moderate,3,Moderate
full code\Knee X-ray Images\MedicalExpert-I\MedicalExpert-I\2Mild\MildG2 (24).png,2Mild,2,Mild
full code\Knee X-ray Images\MedicalExpert-II\MedicalExpert-II\0Normal\NormalG0 (10).png,0Normal,0,Normal
full code\Knee X-ray Images\MedicalExpert-II\MedicalExpert-II\3Moderate\ModerateG3 (181).png,3Moderate,3,Moderate
full code\Knee X-ray Images\MedicalExpert-II\MedicalExpert-II\1Doubtful\DoubtfulG1 (372).png,1Doubtful,1,Doubtful
full code\Knee X-ray Images\MedicalExpert-II\MedicalExpert-II\1Doubtful\DoubtfulG1 (297).png,1Doubtful,1,Doubtful
full code\Knee X-ray Images\MedicalExpert-II\MedicalExpert-II\4Severe\SevereG4 (152).png,4Severe,4,Severe
full code\Knee X-ray Images\MedicalExpert-II\MedicalExpert-II\0Normal\NormalG0 (11).png,0Normal,0,Normal
full code\Knee X-ray Images\MedicalExpert-II\MedicalExpert-II\3Moderate\ModerateG3 (171).png,3Moderate,3,Moderate
full code\Knee X-ray Images\MedicalExpert-II\MedicalExpert-II\3Moderate\ModerateG3 (64).png,3Moderate,3,Moderate
full code\Knee X-ray Images\MedicalExpert-I\MedicalExpert-I\4Severe\SevereG4 (180).png,4Severe,4,Severe
full code\Knee X-ray Images\MedicalExpert-II\MedicalExpert-II\0Normal\NormalG0 (259).png,0Normal,0,Normal
full code\Knee X-ray Images\MedicalExpert-II\MedicalExpert-II\0Normal\NormalG0 (152).png,0Normal,0,Normal
full code\Knee X-ray Images\MedicalExpert-II\MedicalExpert-II\0Normal\NormalG0 (72).png,0Normal,0,Normal
full code\Knee X-ray Images\MedicalExpert-II\MedicalExpert-II\2Mild\MildG2 (195).png,2Mild,2,Mild
full code\Knee X-ray Images\MedicalExpert-I\MedicalExpert-I\1Doubtful\DoubtfulG1 (226).png,1Doubtful,1,Doubtful
full code\Knee X-ray Images\MedicalExpert-I\MedicalExpert-I\4Severe\SevereG4 (145).png,4Severe,4,Severe
full code\Knee X-ray Images\MedicalExpert-II\MedicalExpert-II\2Mild\MildG2 (52).png,2Mild,2,Mild
full code\Knee X-ray Images\MedicalExpert-II\MedicalExpert-II\1Doubtful\DoubtfulG1 (51).png,1Doubtful,1,Doubtful
full code\Knee X-ray Images\MedicalExpert-II\MedicalExpert-II\3Moderate\ModerateG3 (51).png,3Moderate,3,Moderate
full code\Knee X-ray Images\MedicalExpert-II\MedicalExpert-II\2Mild\MildG2 (91).png,2Mild,2,Mild
full code\Knee X-ray Images\MedicalExpert-II\MedicalExpert-II\3Moderate\ModerateG3 (35).png,3Moderate,3,Moderate
full code\Knee X-ray Images\MedicalExpert-II\MedicalExpert-II\1Doubtful\DoubtfulG1 (179).png,1Doubtful,1,Doubtful
full code\Knee X-ray Images\MedicalExpert-II\MedicalExpert-II\0Normal\NormalG0 (234).png,0Normal,0,Normal
full code\Knee X-ray Images\MedicalExpert-II\MedicalExpert-II\1Doubtful\DoubtfulG1 (378).png,1Doubtful,1,Doubtful
full code\Knee X-ray Images\MedicalExpert-II\MedicalExpert-II\4Severe\SevereG4 (185).png,4Severe,4,Severe
full code\Knee X-ray Images\MedicalExpert-II\MedicalExpert-II\1Doubtful\DoubtfulG1 (267).png,1Doubtful,1,Doubtful
full code\Knee X-ray Images\MedicalExpert-I\MedicalExpert-I\0Normal\NormalG0 (418).png,0Normal,0,Normal
full code\Knee X-ray Images\MedicalExpert-I\MedicalExpert-I\1Doubtful\DoubtfulG1 (6).png,1Doubtful,1,Doubtful
full code\Knee X-ray Images\MedicalExpert-I\MedicalExpert-I\1Doubtful\DoubtfulG1 (325).png,1Doubtful,1,Doubtful
full code\Knee X-ray Images\MedicalExpert-I\MedicalExpert-I\0Normal\NormalG0 (136).png,0Normal,0,Normal
full code\Knee X-ray Images\MedicalExpert-I\MedicalExpert-I\2Mild\MildG2 (44).png,2Mild,2,Mild
full code\Knee X-ray Images\MedicalExpert-II\MedicalExpert-II\1Doubtful\DoubtfulG1 (359).png,1Doubtful,1,Doubtful
full code\Knee X-ray Images\MedicalExpert-I\MedicalExpert-I\4Severe\SevereG4 (149).png,4Severe,4,Severe
full code\Knee X-ray Images\MedicalExpert-I\MedicalExpert-I\0Normal\NormalG0 (83).png,0Normal,0,Normal
full code\Knee X-ray Images\MedicalExpert-I\MedicalExpert-I\3Moderate\ModerateG3 (116).png,3Moderate,3,Moderate
full code\Knee X-ray Images\MedicalExpert-II\MedicalExpert-II\1Doubtful\DoubtfulG1 (280).png,1Doubtful,1,Doubtful
full code\Knee X-ray Images\MedicalExpert-I\MedicalExpert-I\1Doubtful\DoubtfulG1 (100).png,1Doubtful,1,Doubtful
full code\Knee X-ray Images\MedicalExpert-II\MedicalExpert-II\0Normal\NormalG0 (176).png,0Normal,0,Normal
full code\Knee X-ray Images\MedicalExpert-II\MedicalExpert-II\1Doubtful\DoubtfulG1 (210).png,1Doubtful,1,Doubtful
full code\Knee X-ray Images\MedicalExpert-I\MedicalExpert-I\1Doubtful\DoubtfulG1 (404).png,1Doubtful,1,Doubtful
full code\Knee X-ray Images\MedicalExpert-II\MedicalExpert-II\1Doubtful\DoubtfulG1 (358).png,1Doubtful,1,Doubtful
full code\Knee X-ray Images\MedicalExpert-I\MedicalExpert-I\0Normal\NormalG0 (372).png,0Normal,0,Normal
full code\Knee X-ray Images\MedicalExpert-II\MedicalExpert-II\0Normal\NormalG0 (511).png,0Normal,0,Normal
full code\Knee X-ray Images\MedicalExpert-II\MedicalExpert-II\1Doubtful\DoubtfulG1 (430).png,1Doubtful,1,Doubtful
full code\Knee X-ray Images\MedicalExpert-II\MedicalExpert-II\0Normal\NormalG0 (44).png,0Normal,0,Normal
full code\Knee X-ray Images\MedicalExpert-II\MedicalExpert-II\2Mild\MildG2 (42).png,2Mild,2,Mild
full code\Knee X-ray Images\MedicalExpert-I\MedicalExpert-I\1Doubtful\DoubtfulG1 (35).png,1Doubtful,1,Doubtful
full code\Knee X-ray Images\MedicalExpert-I\MedicalExpert-I\0Normal\NormalG0 (314).png,0Normal,0,Normal
full code\Knee X-ray Images\MedicalExpert-I\MedicalExpert-I\2Mild\MildG2 (123).png,2Mild,2,Mild
full code\Knee X-ray Images\MedicalExpert-I\MedicalExpert-I\2Mild\MildG2 (202).png,2Mild,2,Mild
full code\Knee X-ray Images\MedicalExpert-I\MedicalExpert-I\0Normal\NormalG0 (174).png,0Normal,0,Normal
full code\Knee X-ray Images\MedicalExpert-II\MedicalExpert-II\1Doubtful\DoubtfulG1 (177).png,1Doubtful,1,Doubtful
full code\Knee X-ray Images\MedicalExpert-II\MedicalExpert-II\1Doubtful\DoubtfulG1 (229).png,1Doubtful,1,Doubtful
full code\Knee X-ray Images\MedicalExpert-II\MedicalExpert-II\4Severe\SevereG4 (49).png,4Severe,4,Severe
full code\Knee X-ray Images\MedicalExpert-I\MedicalExpert-I\4Severe\SevereG4 (144).png,4Severe,4,Severe
full code\Knee X-ray Images\MedicalExpert-II\MedicalExpert-II\4Severe\SevereG4 (106).png,4Severe,4,Severe
full code\Knee X-ray Images\MedicalExpert-II\MedicalExpert-II\4Severe\SevereG4 (115).png,4Severe,4,Severe
full code\Knee X-ray Images\MedicalExpert-II\MedicalExpert-II\0Normal\NormalG0 (368).png,0Normal,0,Normal
full code\Knee X-ray Images\MedicalExpert-II\MedicalExpert-II\2Mild\MildG2 (72).png,2Mild,2,Mild
full code\Knee X-ray Images\MedicalExpert-II\MedicalExpert-II\1Doubtful\DoubtfulG1 (309).png,1Doubtful,1,Doubtful
full code\Knee X-ray Images\MedicalExpert-II\MedicalExpert-II\0Normal\NormalG0 (309).png,0Normal,0,Normal
full code\Knee X-ray Images\MedicalExpert-II\MedicalExpert-II\4Severe\SevereG4 (186).png,4Severe,4,Severe
full code\Knee X-ray Images\MedicalExpert-II\MedicalExpert-II\4Severe\SevereG4 (81).png,4Severe,4,Severe
full code\Knee X-ray Images\MedicalExpert-I\MedicalExpert-I\1Doubtful\DoubtfulG1 (286).png,1Doubtful,1,Doubtful
full code\Knee X-ray Images\MedicalExpert-I\MedicalExpert-I\3Moderate\ModerateG3 (24).png,3Moderate,3,Moderate
full code\Knee X-ray Images\MedicalExpert-II\MedicalExpert-II\1Doubtful\DoubtfulG1 (331).png,1Doubtful,1,Doubtful
full code\Knee X-ray Images\MedicalExpert-II\MedicalExpert-II\2Mild\MildG2 (176).png,2Mild,2,Mild
full code\Knee X-ray Images\MedicalExpert-I\MedicalExpert-I\0Normal\NormalG0 (215).png,0Normal,0,Normal
full code\Knee X-ray Images\MedicalExpert-II\MedicalExpert-II\1Doubtful\DoubtfulG1 (442).png,1Doubtful,1,Doubtful
full code\Knee X-ray Images\MedicalExpert-I\MedicalExpert-I\2Mild\MildG2 (145).png,2Mild,2,Mild
full code\Knee X-ray Images\MedicalExpert-I\MedicalExpert-I\1Doubtful\DoubtfulG1 (155).png,1Doubtful,1,Doubtful
full code\Knee X-ray Images\MedicalExpert-I\MedicalExpert-I\3Moderate\ModerateG3 (179).png,3Moderate,3,Moderate
full code\Knee X-ray Images\MedicalExpert-II\MedicalExpert-II\0Normal\NormalG0 (264).png,0Normal,0,Normal
full code\Knee X-ray Images\MedicalExpert-II\MedicalExpert-II\0Normal\NormalG0 (295).png,0Normal,0,Normal
full code\Knee X-ray Images\MedicalExpert-I\MedicalExpert-I\3Moderate\ModerateG3 (95).png,3Moderate,3,Moderate
full code\Knee X-ray Images\MedicalExpert-II\MedicalExpert-II\1Doubtful\DoubtfulG1 (15).png,1Doubtful,1,Doubtful
full code\Knee X-ray Images\MedicalExpert-II\MedicalExpert-II\0Normal\NormalG0 (178).png,0Normal,0,Normal
full code\Knee X-ray Images\MedicalExpert-I\MedicalExpert-I\0Normal\NormalG0 (370).png,0Normal,0,Normal
full code\Knee X-ray Images\MedicalExpert-II\MedicalExpert-II\0Normal\NormalG0 (201).png,0Normal,0,Normal
full code\Knee X-ray Images\MedicalExpert-II\MedicalExpert-II\3Moderate\ModerateG3 (49).png,3Moderate,3,Moderate
full code\Knee X-ray Images\MedicalExpert-I\MedicalExpert-I\3Moderate\ModerateG3 (111).png,3Moderate,3,Moderate
full code\Knee X-ray Images\MedicalExpert-II\MedicalExpert-II\0Normal\NormalG0 (466).png,0Normal,0,Normal
full code\Knee X-ray Images\MedicalExpert-II\MedicalExpert-II\3Moderate\ModerateG3 (157).png,3Moderate,3,Moderate
full code\Knee X-ray Images\MedicalExpert-I\MedicalExpert-I\0Normal\NormalG0 (98).png,0Normal,0,Normal
full code\Knee X-ray Images\MedicalExpert-I\MedicalExpert-I\1Doubtful\DoubtfulG1 (110).png,1Doubtful,1,Doubtful
full code\Knee X-ray Images\MedicalExpert-II\MedicalExpert-II\1Doubtful\DoubtfulG1 (328).png,1Doubtful,1,Doubtful
full code\Knee X-ray Images\MedicalExpert-II\MedicalExpert-II\0Normal\NormalG0 (419).png,0Normal,0,Normal
full code\Knee X-ray Images\MedicalExpert-II\MedicalExpert-II\0Normal\NormalG0 (350).png,0Normal,0,Normal
full code\Knee X-ray Images\MedicalExpert-II\MedicalExpert-II\1Doubtful\DoubtfulG1 (308).png,1Doubtful,1,Doubtful
full code\Knee X-ray Images\MedicalExpert-II\MedicalExpert-II\1Doubtful\DoubtfulG1 (393).png,1Doubtful,1,Doubtful
full code\Knee X-ray Images\MedicalExpert-II\MedicalExpert-II\4Severe\SevereG4 (71).png,4Severe,4,Severe
full code\Knee X-ray Images\MedicalExpert-I\MedicalExpert-I\1Doubtful\DoubtfulG1 (431).png,1Doubtful,1,Doubtful
full code\Knee X-ray Images\MedicalExpert-I\MedicalExpert-I\0Normal\NormalG0 (197).png,0Normal,0,Normal
full code\Knee X-ray Images\MedicalExpert-I\MedicalExpert-I\1Doubtful\DoubtfulG1 (1).png,1Doubtful,1,Doubtful
full code\Knee X-ray Images\MedicalExpert-I\MedicalExpert-I\0Normal\NormalG0 (134).png,0Normal,0,Normal
full code\Knee X-ray Images\MedicalExpert-II\MedicalExpert-II\0Normal\NormalG0 (1).png,0Normal,0,Normal
full code\Knee X-ray Images\MedicalExpert-I\MedicalExpert-I\3Moderate\ModerateG3 (51).png,3Moderate,3,Moderate
full code\Knee X-ray Images\MedicalExpert-I\MedicalExpert-I\3Moderate\ModerateG3 (174).png,3Moderate,3,Moderate
full code\Knee X-ray Images\MedicalExpert-II\MedicalExpert-II\3Moderate\ModerateG3 (135).png,3Moderate,3,Moderate
full code\Knee X-ray Images\MedicalExpert-II\MedicalExpert-II\1Doubtful\DoubtfulG1 (9).png,1Doubtful,1,Doubtful
full code\Knee X-ray Images\MedicalExpert-I\MedicalExpert-I\2Mild\MildG2 (177).png,2Mild,2,Mild
full code\Knee X-ray Images\MedicalExpert-I\MedicalExpert-I\1Doubtful\DoubtfulG1 (61).png,1Doubtful,1,Doubtful
full code\Knee X-ray Images\MedicalExpert-II\MedicalExpert-II\4Severe\SevereG4 (158).png,4Severe,4,Severe
full code\Knee X-ray Images\MedicalExpert-I\MedicalExpert-I\4Severe\SevereG4 (192).png,4Severe,4,Severe
full code\Knee X-ray Images\MedicalExpert-II\MedicalExpert-II\1Doubtful\DoubtfulG1 (198).png,1Doubtful,1,Doubtful
full code\Knee X-ray Images\MedicalExpert-II\MedicalExpert-II\1Doubtful\DoubtfulG1 (3).png,1Doubtful,1,Doubtful
full code\Knee X-ray Images\MedicalExpert-II\MedicalExpert-II\2Mild\MildG2 (224).png,2Mild,2,Mild
full code\Knee X-ray Images\MedicalExpert-II\MedicalExpert-II\0Normal\NormalG0 (229).png,0Normal,0,Normal
full code\Knee X-ray Images\MedicalExpert-II\MedicalExpert-II\0Normal\NormalG0 (273).png,0Normal,0,Normal
full code\Knee X-ray Images\MedicalExpert-II\MedicalExpert-II\2Mild\MildG2 (130).png,2Mild,2,Mild
full code\Knee X-ray Images\MedicalExpert-I\MedicalExpert-I\0Normal\NormalG0 (265).png,0Normal,0,Normal
full code\Knee X-ray Images\MedicalExpert-II\MedicalExpert-II\2Mild\MildG2 (166).png,2Mild,2,Mild
full code\Knee X-ray Images\MedicalExpert-I\MedicalExpert-I\2Mild\MildG2 (69).png,2Mild,2,Mild
full code\Knee X-ray Images\MedicalExpert-I\MedicalExpert-I\2Mild\MildG2 (173).png,2Mild,2,Mild
full code\Knee X-ray Images\MedicalExpert-I\MedicalExpert-I\4Severe\SevereG4 (36).png,4Severe,4,Severe
full code\Knee X-ray Images\MedicalExpert-I\MedicalExpert-I\1Doubtful\DoubtfulG1 (69).png,1Doubtful,1,Doubtful
full code\Knee X-ray Images\MedicalExpert-II\MedicalExpert-II\0Normal\NormalG0 (228).png,0Normal,0,Normal
full code\Knee X-ray Images\MedicalExpert-II\MedicalExpert-II\1Doubtful\DoubtfulG1 (470).png,1Doubtful,1,Doubtful
full code\Knee X-ray Images\MedicalExpert-II\MedicalExpert-II\4Severe\SevereG4 (155).png,4Severe,4,Severe
full code\Knee X-ray Images\MedicalExpert-I\MedicalExpert-I\3Moderate\ModerateG3 (159).png,3Moderate,3,Moderate
full code\Knee X-ray Images\MedicalExpert-I\MedicalExpert-I\3Moderate\ModerateG3 (75).png,3Moderate,3,Moderate
full code\Knee X-ray Images\MedicalExpert-II\MedicalExpert-II\2Mild\MildG2 (213).png,2Mild,2,Mild
full code\Knee X-ray Images\MedicalExpert-II\MedicalExpert-II\0Normal\NormalG0 (119).png,0Normal,0,Normal
full code\Knee X-ray Images\MedicalExpert-II\MedicalExpert-II\1Doubtful\DoubtfulG1 (145).png,1Doubtful,1,Doubtful
full code\Knee X-ray Images\MedicalExpert-I\MedicalExpert-I\3Moderate\ModerateG3 (42).png,3Moderate,3,Moderate
full code\Knee X-ray Images\MedicalExpert-II\MedicalExpert-II\1Doubtful\DoubtfulG1 (439).png,1Doubtful,1,Doubtful
full code\Knee X-ray Images\MedicalExpert-II\MedicalExpert-II\2Mild\MildG2 (14).png,2Mild,2,Mild
full code\Knee X-ray Images\MedicalExpert-II\MedicalExpert-II\3Moderate\ModerateG3 (28).png,3Moderate,3,Moderate
full code\Knee X-ray Images\MedicalExpert-II\MedicalExpert-II\1Doubtful\DoubtfulG1 (12).png,1Doubtful,1,Doubtful
full code\Knee X-ray Images\MedicalExpert-I\MedicalExpert-I\1Doubtful\DoubtfulG1 (267).png,1Doubtful,1,Doubtful
full code\Knee X-ray Images\MedicalExpert-II\MedicalExpert-II\0Normal\NormalG0 (508).png,0Normal,0,Normal
full code\Knee X-ray Images\MedicalExpert-I\MedicalExpert-I\1Doubtful\DoubtfulG1 (228).png,1Doubtful,1,Doubtful
full code\Knee X-ray Images\MedicalExpert-I\MedicalExpert-I\3Moderate\ModerateG3 (66).png,3Moderate,3,Moderate
full code\Knee X-ray Images\MedicalExpert-I\MedicalExpert-I\0Normal\NormalG0 (351).png,0Normal,0,Normal
full code\Knee X-ray Images\MedicalExpert-II\MedicalExpert-II\2Mild\MildG2 (140).png,2Mild,2,Mild
full code\Knee X-ray Images\MedicalExpert-I\MedicalExpert-I\0Normal\NormalG0 (496).png,0Normal,0,Normal
full code\Knee X-ray Images\MedicalExpert-II\MedicalExpert-II\2Mild\MildG2 (169).png,2Mild,2,Mild
full code\Knee X-ray Images\MedicalExpert-II\MedicalExpert-II\1Doubtful\DoubtfulG1 (272).png,1Doubtful,1,Doubtful
full code\Knee X-ray Images\MedicalExpert-I\MedicalExpert-I\2Mild\MildG2 (81).png,2Mild,2,Mild
full code\Knee X-ray Images\MedicalExpert-II\MedicalExpert-II\3Moderate\ModerateG3 (119).png,3Moderate,3,Moderate
full code\Knee X-ray Images\MedicalExpert-II\MedicalExpert-II\0Normal\NormalG0 (480).png,0Normal,0,Normal
full code\Knee X-ray Images\MedicalExpert-I\MedicalExpert-I\0Normal\NormalG0 (486).png,0Normal,0,Normal
full code\Knee X-ray Images\MedicalExpert-I\MedicalExpert-I\0Normal\NormalG0 (435).png,0Normal,0,Normal
full code\Knee X-ray Images\MedicalExpert-I\MedicalExpert-I\3Moderate\ModerateG3 (193).png,3Moderate,3,Moderate
full code\Knee X-ray Images\MedicalExpert-I\MedicalExpert-I\2Mild\MildG2 (174).png,2Mild,2,Mild
full code\Knee X-ray Images\MedicalExpert-I\MedicalExpert-I\0Normal\NormalG0 (350).png,0Normal,0,Normal
full code\Knee X-ray Images\MedicalExpert-II\MedicalExpert-II\1Doubtful\DoubtfulG1 (232).png,1Doubtful,1,Doubtful
full code\Knee X-ray Images\MedicalExpert-II\MedicalExpert-II\0Normal\NormalG0 (351).png,0Normal,0,Normal
full code\Knee X-ray Images\MedicalExpert-I\MedicalExpert-I\3Moderate\ModerateG3 (215).png,3Moderate,3,Moderate
full code\Knee X-ray Images\MedicalExpert-II\MedicalExpert-II\0Normal\NormalG0 (121).png,0Normal,0,Normal
full code\Knee X-ray Images\MedicalExpert-I\MedicalExpert-I\2Mild\MildG2 (188).png,2Mild,2,Mild
full code\Knee X-ray Images\MedicalExpert-II\MedicalExpert-II\0Normal\NormalG0 (196).png,0Normal,0,Normal
full code\Knee X-ray Images\MedicalExpert-I\MedicalExpert-I\1Doubtful\DoubtfulG1 (22).png,1Doubtful,1,Doubtful
full code\Knee X-ray Images\MedicalExpert-I\MedicalExpert-I\1Doubtful\DoubtfulG1 (76).png,1Doubtful,1,Doubtful
full code\Knee X-ray Images\MedicalExpert-II\MedicalExpert-II\0Normal\NormalG0 (315).png,0Normal,0,Normal
full code\Knee X-ray Images\MedicalExpert-II\MedicalExpert-II\1Doubtful\DoubtfulG1 (353).png,1Doubtful,1,Doubtful
full code\Knee X-ray Images\MedicalExpert-I\MedicalExpert-I\4Severe\SevereG4 (12).png,4Severe,4,Severe
full code\Knee X-ray Images\MedicalExpert-I\MedicalExpert-I\1Doubtful\DoubtfulG1 (298).png,1Doubtful,1,Doubtful
full code\Knee X-ray Images\MedicalExpert-II\MedicalExpert-II\3Moderate\ModerateG3 (74).png,3Moderate,3,Moderate
full code\Knee X-ray Images\MedicalExpert-II\MedicalExpert-II\4Severe\SevereG4 (97).png,4Severe,4,Severe
full code\Knee X-ray Images\MedicalExpert-I\MedicalExpert-I\3Moderate\ModerateG3 (38).png,3Moderate,3,Moderate
full code\Knee X-ray Images\MedicalExpert-I\MedicalExpert-I\1Doubtful\DoubtfulG1 (308).png,1Doubtful,1,Doubtful
full code\Knee X-ray Images\MedicalExpert-II\MedicalExpert-II\1Doubtful\DoubtfulG1 (103).png,1Doubtful,1,Doubtful
full code\Knee X-ray Images\MedicalExpert-I\MedicalExpert-I\1Doubtful\DoubtfulG1 (448).png,1Doubtful,1,Doubtful
full code\Knee X-ray Images\MedicalExpert-I\MedicalExpert-I\0Normal\NormalG0 (101).png,0Normal,0,Normal
full code\Knee X-ray Images\MedicalExpert-II\MedicalExpert-II\3Moderate\ModerateG3 (183).png,3Moderate,3,Moderate
full code\Knee X-ray Images\MedicalExpert-I\MedicalExpert-I\2Mild\MildG2 (58).png,2Mild,2,Mild
full code\Knee X-ray Images\MedicalExpert-II\MedicalExpert-II\2Mild\MildG2 (175).png,2Mild,2,Mild
full code\Knee X-ray Images\MedicalExpert-I\MedicalExpert-I\0Normal\NormalG0 (305).png,0Normal,0,Normal
full code\Knee X-ray Images\MedicalExpert-I\MedicalExpert-I\4Severe\SevereG4 (115).png,4Severe,4,Severe
full code\Knee X-ray Images\MedicalExpert-II\MedicalExpert-II\1Doubtful\DoubtfulG1 (53).png,1Doubtful,1,Doubtful
full code\Knee X-ray Images\MedicalExpert-I\MedicalExpert-I\2Mild\MildG2 (111).png,2Mild,2,Mild
full code\Knee X-ray Images\MedicalExpert-I\MedicalExpert-I\1Doubtful\DoubtfulG1 (165).png,1Doubtful,1,Doubtful
full code\Knee X-ray Images\MedicalExpert-II\MedicalExpert-II\0Normal\NormalG0 (2).png,0Normal,0,Normal
full code\Knee X-ray Images\MedicalExpert-I\MedicalExpert-I\1Doubtful\DoubtfulG1 (42).png,1Doubtful,1,Doubtful
full code\Knee X-ray Images\MedicalExpert-II\MedicalExpert-II\2Mild\MildG2 (71).png,2Mild,2,Mild
full code\Knee X-ray Images\MedicalExpert-II\MedicalExpert-II\2Mild\MildG2 (202).png,2Mild,2,Mild
full code\Knee X-ray Images\MedicalExpert-II\MedicalExpert-II\3Moderate\ModerateG3 (205).png,3Moderate,3,Moderate
full code\Knee X-ray Images\MedicalExpert-II\MedicalExpert-II\1Doubtful\DoubtfulG1 (105).png,1Doubtful,1,Doubtful
full code\Knee X-ray Images\MedicalExpert-I\MedicalExpert-I\0Normal\NormalG0 (285).png,0Normal,0,Normal
full code\Knee X-ray Images\MedicalExpert-II\MedicalExpert-II\3Moderate\ModerateG3 (83).png,3Moderate,3,Moderate
full code\Knee X-ray Images\MedicalExpert-I\MedicalExpert-I\4Severe\SevereG4 (129).png,4Severe,4,Severe
full code\Knee X-ray Images\MedicalExpert-I\MedicalExpert-I\3Moderate\ModerateG3 (219).png,3Moderate,3,Moderate
full code\Knee X-ray Images\MedicalExpert-II\MedicalExpert-II\1Doubtful\DoubtfulG1 (13).png,1Doubtful,1,Doubtful
full code\Knee X-ray Images\MedicalExpert-II\MedicalExpert-II\1Doubtful\DoubtfulG1 (411).png,1Doubtful,1,Doubtful
full code\Knee X-ray Images\MedicalExpert-II\MedicalExpert-II\2Mild\MildG2 (70).png,2Mild,2,Mild
full code\Knee X-ray Images\MedicalExpert-I\MedicalExpert-I\4Severe\SevereG4 (66).png,4Severe,4,Severe
full code\Knee X-ray Images\MedicalExpert-II\MedicalExpert-II\0Normal\NormalG0 (137).png,0Normal,0,Normal
full code\Knee X-ray Images\MedicalExpert-I\MedicalExpert-I\3Moderate\ModerateG3 (205).png,3Moderate,3,Moderate
full code\Knee X-ray Images\MedicalExpert-I\MedicalExpert-I\2Mild\MildG2 (126).png,2Mild,2,Mild
full code\Knee X-ray Images\MedicalExpert-I\MedicalExpert-I\1Doubtful\DoubtfulG1 (37).png,1Doubtful,1,Doubtful
full code\Knee X-ray Images\MedicalExpert-II\MedicalExpert-II\1Doubtful\DoubtfulG1 (283).png,1Doubtful,1,Doubtful
full code\Knee X-ray Images\MedicalExpert-II\MedicalExpert-II\0Normal\NormalG0 (122).png,0Normal,0,Normal
full code\Knee X-ray Images\MedicalExpert-I\MedicalExpert-I\1Doubtful\DoubtfulG1 (371).png,1Doubtful,1,Doubtful
full code\Knee X-ray Images\MedicalExpert-II\MedicalExpert-II\2Mild\MildG2 (158).png,2Mild,2,Mild
full code\Knee X-ray Images\MedicalExpert-II\MedicalExpert-II\0Normal\NormalG0 (173).png,0Normal,0,Normal
full code\Knee X-ray Images\MedicalExpert-I\MedicalExpert-I\2Mild\MildG2 (190).png,2Mild,2,Mild
full code\Knee X-ray Images\MedicalExpert-II\MedicalExpert-II\2Mild\MildG2 (80).png,2Mild,2,Mild
full code\Knee X-ray Images\MedicalExpert-II\MedicalExpert-II\1Doubtful\DoubtfulG1 (16).png,1Doubtful,1,Doubtful
full code\Knee X-ray Images\MedicalExpert-II\MedicalExpert-II\1Doubtful\DoubtfulG1 (306).png,1Doubtful,1,Doubtful
full code\Knee X-ray Images\MedicalExpert-I\MedicalExpert-I\2Mild\MildG2 (35).png,2Mild,2,Mild
full code\Knee X-ray Images\MedicalExpert-II\MedicalExpert-II\0Normal\NormalG0 (387).png,0Normal,0,Normal
full code\Knee X-ray Images\MedicalExpert-II\MedicalExpert-II\4Severe\SevereG4 (11).png,4Severe,4,Severe
full code\Knee X-ray Images\MedicalExpert-I\MedicalExpert-I\0Normal\NormalG0 (252).png,0Normal,0,Normal
full code\Knee X-ray Images\MedicalExpert-II\MedicalExpert-II\3Moderate\ModerateG3 (147).png,3Moderate,3,Moderate
full code\Knee X-ray Images\MedicalExpert-II\MedicalExpert-II\0Normal\NormalG0 (12).png,0Normal,0,Normal
full code\Knee X-ray Images\MedicalExpert-I\MedicalExpert-I\0Normal\NormalG0 (336).png,0Normal,0,Normal
full code\Knee X-ray Images\MedicalExpert-II\MedicalExpert-II\0Normal\NormalG0 (210).png,0Normal,0,Normal
full code\Knee X-ray Images\MedicalExpert-I\MedicalExpert-I\0Normal\NormalG0 (483).png,0Normal,0,Normal
full code\Knee X-ray Images\MedicalExpert-I\MedicalExpert-I\3Moderate\ModerateG3 (15).png,3Moderate,3,Moderate
full code\Knee X-ray Images\MedicalExpert-II\MedicalExpert-II\0Normal\NormalG0 (66).png,0Normal,0,Normal
full code\Knee X-ray Images\MedicalExpert-I\MedicalExpert-I\2Mild\MildG2 (104).png,2Mild,2,Mild
full code\Knee X-ray Images\MedicalExpert-II\MedicalExpert-II\4Severe\SevereG4 (102).png,4Severe,4,Severe
full code\Knee X-ray Images\MedicalExpert-I\MedicalExpert-I\2Mild\MildG2 (72).png,2Mild,2,Mild
full code\Knee X-ray Images\MedicalExpert-II\MedicalExpert-II\2Mild\MildG2 (116).png,2Mild,2,Mild
full code\Knee X-ray Images\MedicalExpert-I\MedicalExpert-I\1Doubtful\DoubtfulG1 (86).png,1Doubtful,1,Doubtful
full code\Knee X-ray Images\MedicalExpert-I\MedicalExpert-I\0Normal\NormalG0 (182).png,0Normal,0,Normal
full code\Knee X-ray Images\MedicalExpert-II\MedicalExpert-II\0Normal\NormalG0 (184).png,0Normal,0,Normal
full code\Knee X-ray Images\MedicalExpert-I\MedicalExpert-I\1Doubtful\DoubtfulG1 (116).png,1Doubtful,1,Doubtful
full code\Knee X-ray Images\MedicalExpert-II\MedicalExpert-II\2Mild\MildG2 (200).png,2Mild,2,Mild
full code\Knee X-ray Images\MedicalExpert-I\MedicalExpert-I\4Severe\SevereG4 (103).png,4Severe,4,Severe
full code\Knee X-ray Images\MedicalExpert-I\MedicalExpert-I\1Doubtful\DoubtfulG1 (351).png,1Doubtful,1,Doubtful
full code\Knee X-ray Images\MedicalExpert-II\MedicalExpert-II\1Doubtful\DoubtfulG1 (220).png,1Doubtful,1,Doubtful
full code\Knee X-ray Images\MedicalExpert-I\MedicalExpert-I\3Moderate\ModerateG3 (16).png,3Moderate,3,Moderate
full code\Knee X-ray Images\MedicalExpert-I\MedicalExpert-I\0Normal\NormalG0 (400).png,0Normal,0,Normal
full code\Knee X-ray Images\MedicalExpert-I\MedicalExpert-I\0Normal\NormalG0 (450).png,0Normal,0,Normal
full code\Knee X-ray Images\MedicalExpert-II\MedicalExpert-II\0Normal\NormalG0 (405).png,0Normal,0,Normal
full code\Knee X-ray Images\MedicalExpert-I\MedicalExpert-I\3Moderate\ModerateG3 (13).png,3Moderate,3,Moderate
full code\Knee X-ray Images\MedicalExpert-II\MedicalExpert-II\1Doubtful\DoubtfulG1 (193).png,1Doubtful,1,Doubtful
full code\Knee X-ray Images\MedicalExpert-II\MedicalExpert-II\1Doubtful\DoubtfulG1 (77).png,1Doubtful,1,Doubtful
full code\Knee X-ray Images\MedicalExpert-II\MedicalExpert-II\0Normal\NormalG0 (462).png,0Normal,0,Normal
full code\Knee X-ray Images\MedicalExpert-I\MedicalExpert-I\3Moderate\ModerateG3 (9).png,3Moderate,3,Moderate
full code\Knee X-ray Images\MedicalExpert-I\MedicalExpert-I\3Moderate\ModerateG3 (30).png,3Moderate,3,Moderate
full code\Knee X-ray Images\MedicalExpert-II\MedicalExpert-II\3Moderate\ModerateG3 (87).png,3Moderate,3,Moderate
full code\Knee X-ray Images\MedicalExpert-II\MedicalExpert-II\0Normal\NormalG0 (429).png,0Normal,0,Normal
full code\Knee X-ray Images\MedicalExpert-II\MedicalExpert-II\2Mild\MildG2 (185).png,2Mild,2,Mild
full code\Knee X-ray Images\MedicalExpert-II\MedicalExpert-II\0Normal\NormalG0 (262).png,0Normal,0,Normal
full code\Knee X-ray Images\MedicalExpert-I\MedicalExpert-I\1Doubtful\DoubtfulG1 (252).png,1Doubtful,1,Doubtful
full code\Knee X-ray Images\MedicalExpert-II\MedicalExpert-II\1Doubtful\DoubtfulG1 (60).png,1Doubtful,1,Doubtful
full code\Knee X-ray Images\MedicalExpert-I\MedicalExpert-I\4Severe\SevereG4 (156).png,4Severe,4,Severe
full code\Knee X-ray Images\MedicalExpert-I\MedicalExpert-I\0Normal\NormalG0 (436).png,0Normal,0,Normal
full code\Knee X-ray Images\MedicalExpert-I\MedicalExpert-I\2Mild\MildG2 (226).png,2Mild,2,Mild
full code\Knee X-ray Images\MedicalExpert-I\MedicalExpert-I\3Moderate\ModerateG3 (148).png,3Moderate,3,Moderate
full code\Knee X-ray Images\MedicalExpert-II\MedicalExpert-II\1Doubtful\DoubtfulG1 (424).png,1Doubtful,1,Doubtful
full code\Knee X-ray Images\MedicalExpert-I\MedicalExpert-I\0Normal\NormalG0 (487).png,0Normal,0,Normal
full code\Knee X-ray Images\MedicalExpert-II\MedicalExpert-II\1Doubtful\DoubtfulG1 (319).png,1Doubtful,1,Doubtful
full code\Knee X-ray Images\MedicalExpert-I\MedicalExpert-I\0Normal\NormalG0 (161).png,0Normal,0,Normal
full code\Knee X-ray Images\MedicalExpert-I\MedicalExpert-I\1Doubtful\DoubtfulG1 (131).png,1Doubtful,1,Doubtful
full code\Knee X-ray Images\MedicalExpert-I\MedicalExpert-I\3Moderate\ModerateG3 (182).png,3Moderate,3,Moderate
full code\Knee X-ray Images\MedicalExpert-I\MedicalExpert-I\1Doubtful\DoubtfulG1 (118).png,1Doubtful,1,Doubtful
full code\Knee X-ray Images\MedicalExpert-I\MedicalExpert-I\0Normal\NormalG0 (498).png,0Normal,0,Normal
full code\Knee X-ray Images\MedicalExpert-I\MedicalExpert-I\1Doubtful\DoubtfulG1 (366).png,1Doubtful,1,Doubtful
full code\Knee X-ray Images\MedicalExpert-I\MedicalExpert-I\2Mild\MildG2 (14).png,2Mild,2,Mild
full code\Knee X-ray Images\MedicalExpert-II\MedicalExpert-II\1Doubtful\DoubtfulG1 (305).png,1Doubtful,1,Doubtful
full code\Knee X-ray Images\MedicalExpert-I\MedicalExpert-I\1Doubtful\DoubtfulG1 (394).png,1Doubtful,1,Doubtful
full code\Knee X-ray Images\MedicalExpert-II\MedicalExpert-II\1Doubtful\DoubtfulG1 (436).png,1Doubtful,1,Doubtful
full code\Knee X-ray Images\MedicalExpert-I\MedicalExpert-I\0Normal\NormalG0 (456).png,0Normal,0,Normal
full code\Knee X-ray Images\MedicalExpert-I\MedicalExpert-I\1Doubtful\DoubtfulG1 (9).png,1Doubtful,1,Doubtful
full code\Knee X-ray Images\MedicalExpert-I\MedicalExpert-I\0Normal\NormalG0 (231).png,0Normal,0,Normal
full code\Knee X-ray Images\MedicalExpert-II\MedicalExpert-II\3Moderate\ModerateG3 (149).png,3Moderate,3,Moderate
full code\Knee X-ray Images\MedicalExpert-I\MedicalExpert-I\2Mild\MildG2 (131).png,2Mild,2,Mild
full code\Knee X-ray Images\MedicalExpert-II\MedicalExpert-II\1Doubtful\DoubtfulG1 (79).png,1Doubtful,1,Doubtful
full code\Knee X-ray Images\MedicalExpert-II\MedicalExpert-II\2Mild\MildG2 (106).png,2Mild,2,Mild
full code\Knee X-ray Images\MedicalExpert-II\MedicalExpert-II\0Normal\NormalG0 (392).png,0Normal,0,Normal
full code\Knee X-ray Images\MedicalExpert-I\MedicalExpert-I\1Doubtful\DoubtfulG1 (323).png,1Doubtful,1,Doubtful
full code\Knee X-ray Images\MedicalExpert-I\MedicalExpert-I\1Doubtful\DoubtfulG1 (96).png,1Doubtful,1,Doubtful
full code\Knee X-ray Images\MedicalExpert-II\MedicalExpert-II\3Moderate\ModerateG3 (128).png,3Moderate,3,Moderate
full code\Knee X-ray Images\MedicalExpert-II\MedicalExpert-II\4Severe\SevereG4 (19).png,4Severe,4,Severe
full code\Knee X-ray Images\MedicalExpert-II\MedicalExpert-II\4Severe\SevereG4 (118).png,4Severe,4,Severe
full code\Knee X-ray Images\MedicalExpert-I\MedicalExpert-I\1Doubtful\DoubtfulG1 (415).png,1Doubtful,1,Doubtful
full code\Knee X-ray Images\MedicalExpert-II\MedicalExpert-II\1Doubtful\DoubtfulG1 (92).png,1Doubtful,1,Doubtful
full code\Knee X-ray Images\MedicalExpert-I\MedicalExpert-I\1Doubtful\DoubtfulG1 (188).png,1Doubtful,1,Doubtful
full code\Knee X-ray Images\MedicalExpert-I\MedicalExpert-I\3Moderate\ModerateG3 (7).png,3Moderate,3,Moderate
full code\Knee X-ray Images\MedicalExpert-II\MedicalExpert-II\2Mild\MildG2 (32).png,2Mild,2,Mild
full code\Knee X-ray Images\MedicalExpert-II\MedicalExpert-II\2Mild\MildG2 (194).png,2Mild,2,Mild
full code\Knee X-ray Images\MedicalExpert-I\MedicalExpert-I\2Mild\MildG2 (172).png,2Mild,2,Mild
full code\Knee X-ray Images\MedicalExpert-I\MedicalExpert-I\0Normal\NormalG0 (455).png,0Normal,0,Normal
full code\Knee X-ray Images\MedicalExpert-II\MedicalExpert-II\2Mild\MildG2 (167).png,2Mild,2,Mild
full code\Knee X-ray Images\MedicalExpert-II\MedicalExpert-II\2Mild\MildG2 (61).png,2Mild,2,Mild
full code\Knee X-ray Images\MedicalExpert-I\MedicalExpert-I\0Normal\NormalG0 (444).png,0Normal,0,Normal
full code\Knee X-ray Images\MedicalExpert-I\MedicalExpert-I\0Normal\NormalG0 (147).png,0Normal,0,Normal
full code\Knee X-ray Images\MedicalExpert-II\MedicalExpert-II\1Doubtful\DoubtfulG1 (26).png,1Doubtful,1,Doubtful
full code\Knee X-ray Images\MedicalExpert-II\MedicalExpert-II\3Moderate\ModerateG3 (15).png,3Moderate,3,Moderate
full code\Knee X-ray Images\MedicalExpert-I\MedicalExpert-I\4Severe\SevereG4 (70).png,4Severe,4,Severe
full code\Knee X-ray Images\MedicalExpert-I\MedicalExpert-I\2Mild\MildG2 (176).png,2Mild,2,Mild
full code\Knee X-ray Images\MedicalExpert-II\MedicalExpert-II\0Normal\NormalG0 (125).png,0Normal,0,Normal
full code\Knee X-ray Images\MedicalExpert-I\MedicalExpert-I\2Mild\MildG2 (203).png,2Mild,2,Mild
full code\Knee X-ray Images\MedicalExpert-II\MedicalExpert-II\3Moderate\ModerateG3 (70).png,3Moderate,3,Moderate
full code\Knee X-ray Images\MedicalExpert-I\MedicalExpert-I\2Mild\MildG2 (8).png,2Mild,2,Mild
full code\Knee X-ray Images\MedicalExpert-II\MedicalExpert-II\1Doubtful\DoubtfulG1 (350).png,1Doubtful,1,Doubtful
full code\Knee X-ray Images\MedicalExpert-I\MedicalExpert-I\1Doubtful\DoubtfulG1 (87).png,1Doubtful,1,Doubtful
full code\Knee X-ray Images\MedicalExpert-I\MedicalExpert-I\1Doubtful\DoubtfulG1 (398).png,1Doubtful,1,Doubtful
full code\Knee X-ray Images\MedicalExpert-I\MedicalExpert-I\0Normal\NormalG0 (29).png,0Normal,0,Normal
full code\Knee X-ray Images\MedicalExpert-II\MedicalExpert-II\0Normal\NormalG0 (60).png,0Normal,0,Normal
full code\Knee X-ray Images\MedicalExpert-I\MedicalExpert-I\1Doubtful\DoubtfulG1 (211).png,1Doubtful,1,Doubtful
full code\Knee X-ray Images\MedicalExpert-II\MedicalExpert-II\3Moderate\ModerateG3 (59).png,3Moderate,3,Moderate
full code\Knee X-ray Images\MedicalExpert-I\MedicalExpert-I\0Normal\NormalG0 (12).png,0Normal,0,Normal
full code\Knee X-ray Images\MedicalExpert-II\MedicalExpert-II\1Doubtful\DoubtfulG1 (200).png,1Doubtful,1,Doubtful
full code\Knee X-ray Images\MedicalExpert-II\MedicalExpert-II\3Moderate\ModerateG3 (175).png,3Moderate,3,Moderate
full code\Knee X-ray Images\MedicalExpert-I\MedicalExpert-I\2Mild\MildG2 (225).png,2Mild,2,Mild
full code\Knee X-ray Images\MedicalExpert-II\MedicalExpert-II\3Moderate\ModerateG3 (44).png,3Moderate,3,Moderate
full code\Knee X-ray Images\MedicalExpert-I\MedicalExpert-I\3Moderate\ModerateG3 (2).png,3Moderate,3,Moderate
full code\Knee X-ray Images\MedicalExpert-I\MedicalExpert-I\4Severe\SevereG4 (98).png,4Severe,4,Severe
full code\Knee X-ray Images\MedicalExpert-I\MedicalExpert-I\0Normal\NormalG0 (211).png,0Normal,0,Normal
full code\Knee X-ray Images\MedicalExpert-II\MedicalExpert-II\3Moderate\ModerateG3 (142).png,3Moderate,3,Moderate
full code\Knee X-ray Images\MedicalExpert-I\MedicalExpert-I\0Normal\NormalG0 (497).png,0Normal,0,Normal
full code\Knee X-ray Images\MedicalExpert-II\MedicalExpert-II\1Doubtful\DoubtfulG1 (471).png,1Doubtful,1,Doubtful
full code\Knee X-ray Images\MedicalExpert-II\MedicalExpert-II\0Normal\NormalG0 (484).png,0Normal,0,Normal
full code\Knee X-ray Images\MedicalExpert-II\MedicalExpert-II\3Moderate\ModerateG3 (215).png,3Moderate,3,Moderate
full code\Knee X-ray Images\MedicalExpert-II\MedicalExpert-II\2Mild\MildG2 (135).png,2Mild,2,Mild
full code\Knee X-ray Images\MedicalExpert-I\MedicalExpert-I\0Normal\NormalG0 (276).png,0Normal,0,Normal
full code\Knee X-ray Images\MedicalExpert-II\MedicalExpert-II\0Normal\NormalG0 (409).png,0Normal,0,Normal
full code\Knee X-ray Images\MedicalExpert-II\MedicalExpert-II\1Doubtful\DoubtfulG1 (444).png,1Doubtful,1,Doubtful
full code\Knee X-ray Images\MedicalExpert-II\MedicalExpert-II\0Normal\NormalG0 (298).png,0Normal,0,Normal
full code\Knee X-ray Images\MedicalExpert-II\MedicalExpert-II\1Doubtful\DoubtfulG1 (110).png,1Doubtful,1,Doubtful
full code\Knee X-ray Images\MedicalExpert-II\MedicalExpert-II\1Doubtful\DoubtfulG1 (99).png,1Doubtful,1,Doubtful
full code\Knee X-ray Images\MedicalExpert-I\MedicalExpert-I\3Moderate\ModerateG3 (100).png,3Moderate,3,Moderate
full code\Knee X-ray Images\MedicalExpert-I\MedicalExpert-I\0Normal\NormalG0 (480).png,0Normal,0,Normal
full code\Knee X-ray Images\MedicalExpert-I\MedicalExpert-I\1Doubtful\DoubtfulG1 (441).png,1Doubtful,1,Doubtful
full code\Knee X-ray Images\MedicalExpert-I\MedicalExpert-I\0Normal\NormalG0 (160).png,0Normal,0,Normal
full code\Knee X-ray Images\MedicalExpert-II\MedicalExpert-II\4Severe\SevereG4 (85).png,4Severe,4,Severe
full code\Knee X-ray Images\MedicalExpert-II\MedicalExpert-II\1Doubtful\DoubtfulG1 (301).png,1Doubtful,1,Doubtful
full code\Knee X-ray Images\MedicalExpert-I\MedicalExpert-I\0Normal\NormalG0 (235).png,0Normal,0,Normal
full code\Knee X-ray Images\MedicalExpert-I\MedicalExpert-I\0Normal\NormalG0 (409).png,0Normal,0,Normal
full code\Knee X-ray Images\MedicalExpert-I\MedicalExpert-I\1Doubtful\DoubtfulG1 (258).png,1Doubtful,1,Doubtful
full code\Knee X-ray Images\MedicalExpert-II\MedicalExpert-II\0Normal\NormalG0 (492).png,0Normal,0,Normal
full code\Knee X-ray Images\MedicalExpert-II\MedicalExpert-II\2Mild\MildG2 (78).png,2Mild,2,Mild
full code\Knee X-ray Images\MedicalExpert-II\MedicalExpert-II\1Doubtful\DoubtfulG1 (315).png,1Doubtful,1,Doubtful
full code\Knee X-ray Images\MedicalExpert-II\MedicalExpert-II\3Moderate\ModerateG3 (140).png,3Moderate,3,Moderate
full code\Knee X-ray Images\MedicalExpert-I\MedicalExpert-I\1Doubtful\DoubtfulG1 (392).png,1Doubtful,1,Doubtful
full code\Knee X-ray Images\MedicalExpert-I\MedicalExpert-I\1Doubtful\DoubtfulG1 (336).png,1Doubtful,1,Doubtful
full code\Knee X-ray Images\MedicalExpert-I\MedicalExpert-I\2Mild\MildG2 (20).png,2Mild,2,Mild
full code\Knee X-ray Images\MedicalExpert-II\MedicalExpert-II\1Doubtful\DoubtfulG1 (374).png,1Doubtful,1,Doubtful
full code\Knee X-ray Images\MedicalExpert-II\MedicalExpert-II\3Moderate\ModerateG3 (53).png,3Moderate,3,Moderate
full code\Knee X-ray Images\MedicalExpert-II\MedicalExpert-II\1Doubtful\DoubtfulG1 (288).png,1Doubtful,1,Doubtful
full code\Knee X-ray Images\MedicalExpert-I\MedicalExpert-I\3Moderate\ModerateG3 (131).png,3Moderate,3,Moderate
full code\Knee X-ray Images\MedicalExpert-II\MedicalExpert-II\4Severe\SevereG4 (79).png,4Severe,4,Severe
full code\Knee X-ray Images\MedicalExpert-I\MedicalExpert-I\0Normal\NormalG0 (473).png,0Normal,0,Normal
full code\Knee X-ray Images\MedicalExpert-I\MedicalExpert-I\1Doubtful\DoubtfulG1 (331).png,1Doubtful,1,Doubtful
full code\Knee X-ray Images\MedicalExpert-I\MedicalExpert-I\4Severe\SevereG4 (124).png,4Severe,4,Severe
full code\Knee X-ray Images\MedicalExpert-II\MedicalExpert-II\1Doubtful\DoubtfulG1 (231).png,1Doubtful,1,Doubtful
full code\Knee X-ray Images\MedicalExpert-II\MedicalExpert-II\3Moderate\ModerateG3 (108).png,3Moderate,3,Moderate
full code\Knee X-ray Images\MedicalExpert-I\MedicalExpert-I\4Severe\SevereG4 (109).png,4Severe,4,Severe
full code\Knee X-ray Images\MedicalExpert-I\MedicalExpert-I\2Mild\MildG2 (214).png,2Mild,2,Mild
full code\Knee X-ray Images\MedicalExpert-II\MedicalExpert-II\1Doubtful\DoubtfulG1 (419).png,1Doubtful,1,Doubtful
full code\Knee X-ray Images\MedicalExpert-II\MedicalExpert-II\3Moderate\ModerateG3 (12).png,3Moderate,3,Moderate
full code\Knee X-ray Images\MedicalExpert-I\MedicalExpert-I\1Doubtful\DoubtfulG1 (457).png,1Doubtful,1,Doubtful
full code\Knee X-ray Images\MedicalExpert-I\MedicalExpert-I\1Doubtful\DoubtfulG1 (380).png,1Doubtful,1,Doubtful
full code\Knee X-ray Images\MedicalExpert-II\MedicalExpert-II\0Normal\NormalG0 (320).png,0Normal,0,Normal
full code\Knee X-ray Images\MedicalExpert-II\MedicalExpert-II\4Severe\SevereG4 (65).png,4Severe,4,Severe
full code\Knee X-ray Images\MedicalExpert-II\MedicalExpert-II\1Doubtful\DoubtfulG1 (478).png,1Doubtful,1,Doubtful
full code\Knee X-ray Images\MedicalExpert-I\MedicalExpert-I\3Moderate\ModerateG3 (200).png,3Moderate,3,Moderate
full code\Knee X-ray Images\MedicalExpert-I\MedicalExpert-I\3Moderate\ModerateG3 (50).png,3Moderate,3,Moderate
full code\Knee X-ray Images\MedicalExpert-II\MedicalExpert-II\0Normal\NormalG0 (241).png,0Normal,0,Normal
full code\Knee X-ray Images\MedicalExpert-I\MedicalExpert-I\0Normal\NormalG0 (430).png,0Normal,0,Normal
full code\Knee X-ray Images\MedicalExpert-II\MedicalExpert-II\3Moderate\ModerateG3 (72).png,3Moderate,3,Moderate
full code\Knee X-ray Images\MedicalExpert-I\MedicalExpert-I\1Doubtful\DoubtfulG1 (265).png,1Doubtful,1,Doubtful
full code\Knee X-ray Images\MedicalExpert-I\MedicalExpert-I\0Normal\NormalG0 (61).png,0Normal,0,Normal
full code\Knee X-ray Images\MedicalExpert-II\MedicalExpert-II\0Normal\NormalG0 (291).png,0Normal,0,Normal
full code\Knee X-ray Images\MedicalExpert-I\MedicalExpert-I\0Normal\NormalG0 (439).png,0Normal,0,Normal
full code\Knee X-ray Images\MedicalExpert-II\MedicalExpert-II\0Normal\NormalG0 (113).png,0Normal,0,Normal
full code\Knee X-ray Images\MedicalExpert-I\MedicalExpert-I\3Moderate\ModerateG3 (120).png,3Moderate,3,Moderate
full code\Knee X-ray Images\MedicalExpert-II\MedicalExpert-II\0Normal\NormalG0 (62).png,0Normal,0,Normal
full code\Knee X-ray Images\MedicalExpert-II\MedicalExpert-II\1Doubtful\DoubtfulG1 (277).png,1Doubtful,1,Doubtful
full code\Knee X-ray Images\MedicalExpert-II\MedicalExpert-II\4Severe\SevereG4 (9).png,4Severe,4,Severe
full code\Knee X-ray Images\MedicalExpert-I\MedicalExpert-I\2Mild\MildG2 (102).png,2Mild,2,Mild
full code\Knee X-ray Images\MedicalExpert-II\MedicalExpert-II\4Severe\SevereG4 (149).png,4Severe,4,Severe
full code\Knee X-ray Images\MedicalExpert-I\MedicalExpert-I\0Normal\NormalG0 (18).png,0Normal,0,Normal
full code\Knee X-ray Images\MedicalExpert-I\MedicalExpert-I\2Mild\MildG2 (105).png,2Mild,2,Mild
full code\Knee X-ray Images\MedicalExpert-II\MedicalExpert-II\1Doubtful\DoubtfulG1 (155).png,1Doubtful,1,Doubtful
full code\Knee X-ray Images\MedicalExpert-I\MedicalExpert-I\2Mild\MildG2 (57).png,2Mild,2,Mild
full code\Knee X-ray Images\MedicalExpert-I\MedicalExpert-I\0Normal\NormalG0 (23).png,0Normal,0,Normal
full code\Knee X-ray Images\MedicalExpert-I\MedicalExpert-I\0Normal\NormalG0 (424).png,0Normal,0,Normal
full code\Knee X-ray Images\MedicalExpert-I\MedicalExpert-I\2Mild\MildG2 (6).png,2Mild,2,Mild
full code\Knee X-ray Images\MedicalExpert-II\MedicalExpert-II\4Severe\SevereG4 (180).png,4Severe,4,Severe
full code\Knee X-ray Images\MedicalExpert-I\MedicalExpert-I\4Severe\SevereG4 (111).png,4Severe,4,Severe
full code\Knee X-ray Images\MedicalExpert-I\MedicalExpert-I\0Normal\NormalG0 (376).png,0Normal,0,Normal
full code\Knee X-ray Images\MedicalExpert-II\MedicalExpert-II\2Mild\MildG2 (104).png,2Mild,2,Mild
full code\Knee X-ray Images\MedicalExpert-II\MedicalExpert-II\0Normal\NormalG0 (455).png,0Normal,0,Normal
full code\Knee X-ray Images\MedicalExpert-II\MedicalExpert-II\0Normal\NormalG0 (386).png,0Normal,0,Normal
full code\Knee X-ray Images\MedicalExpert-II\MedicalExpert-II\1Doubtful\DoubtfulG1 (398).png,1Doubtful,1,Doubtful
full code\Knee X-ray Images\MedicalExpert-II\MedicalExpert-II\0Normal\NormalG0 (475).png,0Normal,0,Normal
full code\Knee X-ray Images\MedicalExpert-II\MedicalExpert-II\4Severe\SevereG4 (138).png,4Severe,4,Severe
full code\Knee X-ray Images\MedicalExpert-I\MedicalExpert-I\0Normal\NormalG0 (95).png,0Normal,0,Normal
full code\Knee X-ray Images\MedicalExpert-II\MedicalExpert-II\3Moderate\ModerateG3 (131).png,3Moderate,3,Moderate
full code\Knee X-ray Images\MedicalExpert-I\MedicalExpert-I\0Normal\NormalG0 (367).png,0Normal,0,Normal
full code\Knee X-ray Images\MedicalExpert-II\MedicalExpert-II\1Doubtful\DoubtfulG1 (30).png,1Doubtful,1,Doubtful
full code\Knee X-ray Images\MedicalExpert-I\MedicalExpert-I\3Moderate\ModerateG3 (40).png,3Moderate,3,Moderate
full code\Knee X-ray Images\MedicalExpert-I\MedicalExpert-I\0Normal\NormalG0 (258).png,0Normal,0,Normal
full code\Knee X-ray Images\MedicalExpert-I\MedicalExpert-I\3Moderate\ModerateG3 (214).png,3Moderate,3,Moderate
full code\Knee X-ray Images\MedicalExpert-II\MedicalExpert-II\3Moderate\ModerateG3 (220).png,3Moderate,3,Moderate
full code\Knee X-ray Images\MedicalExpert-I\MedicalExpert-I\1Doubtful\DoubtfulG1 (254).png,1Doubtful,1,Doubtful
full code\Knee X-ray Images\MedicalExpert-II\MedicalExpert-II\4Severe\SevereG4 (164).png,4Severe,4,Severe
full code\Knee X-ray Images\MedicalExpert-I\MedicalExpert-I\0Normal\NormalG0 (313).png,0Normal,0,Normal
